1,Mario Arturo,Alcocer Varela,19,16607|San Antonio|Barrio|Xochimilco|Ciudad de M�xico|Ciudad de M�xico|16001|09|16001|02|013|2909|Urbano|16|,10.0,8.0,4.0,28.0,512.0
2,Maria Asuncion,Jung Cook,18,07707|Siete Maravillas|Colonia|Gustavo A. Madero|Ciudad de M�xico|Ciudad de M�xico|07001|09|07001|09|005|1149|Urbano|07|,2.0,10.0,1.0,7.0,1000.0
3,Juan Miguel,Barrera Saldaña,19,14735|Lomas de Tepemecatl|Campamento|Tlalpan|Ciudad de M�xico|Ciudad de M�xico|14201|09|14201|04|012|2695|Rural|14|,7.0,5.0,19.0,133.0,14734.695
4,Maria Asuncion,Hinojosa Becerril,22,09210|Tepalcates|Colonia|Iztapalapa|Ciudad de M�xico|Ciudad de M�xico|09201|09|09201|09|007|1355|Urbano|09|,2.0,7.0,3.0,21.0,6300.001
5,Joaquin,Barquera Cervera,19,11850|San Miguel Chapultepec II Secci�n|Colonia|Miguel Hidalgo|Ciudad de M�xico|Ciudad de M�xico|11801|09|11801|09|016|2786|Urbano|11|,7.0,7.0,8.0,56.0,3657.143
6,Rogelio,Alcaraz Verduzco,21,14610|Arenal Tepepan|Colonia|Tlalpan|Ciudad de M�xico|Ciudad de M�xico|14091|09|14091|09|012|2233|Urbano|14|,6.0,7.0,15.0,105.0,17500.0
7,Maria Isabel,Alpuche Aranda,21,09510|Santa Martha Acatitla|Pueblo|Iztapalapa|Ciudad de M�xico|Ciudad de M�xico|09511|09|09511|28|007|1436|Urbano|09|,2.0,7.0,3.0,21.0,6300.001
8,Angel Antonio,Kimura Fujikami,24,09320|Sideral|Colonia|Iztapalapa|Ciudad de M�xico|Ciudad de M�xico|09201|09|09201|09|007|1388|Urbano|09|,6.0,5.0,10.0,70.0,5555.5566
9,Laura,Alcantar Curiel,26,14426|Tlaxcaltenco la Mesa|Colonia|Tlalpan|Ciudad de M�xico|Ciudad de M�xico|14091|09|14091|09|012|2195|Urbano|14|,5.0,6.0,14.0,98.0,18816.0
10,Maria del Carmen,Escalante Acosta,19,14390|Rinconada Las Hadas|Colonia|Tlalpan|Ciudad de M�xico|Ciudad de M�xico|14391|09|14391|09|012|2174|Urbano|14|,10.0,6.0,25.0,175.0,15000.0
11,Ana,Alonson Vanegas,27,13400|San Francisco Tlaltenco|Pueblo|Tl�huac|Ciudad de M�xico|Ciudad de M�xico|13011|09|13011|28|011|1972|Urbano|13|,9.0,6.0,13.0,91.0,5007.4077
12,Paloma,Kimura Fujikami,20,04510|Universidad Nacional Aut�noma de M�xico|Equipamiento|Coyoac�n|Ciudad de M�xico|Ciudad de M�xico|04831|09|04831|17|003|2793|Urbano|04|,10.0,7.0,28.0,196.0,21952.0
13,Lourdes,Carrillo Ruiz,21,07164|Prados de Cuautepec|Colonia|Gustavo A. Madero|Ciudad de M�xico|Ciudad de M�xico|07201|09|07201|09|005|2718|Urbano|07|,6.0,9.0,16.0,112.0,25600.002
14,Jaime Jacobo,Fajardo Ortiz,27,04910|Carmen Serd�n|Colonia|Coyoac�n|Ciudad de M�xico|Ciudad de M�xico|04831|09|04831|09|003|0716|Urbano|04|,2.0,9.0,1.0,7.0,900.0
15,Maria del Carmen,Calva Mercado,24,14630|Chimalcoyoc|Pueblo|Tlalpan|Ciudad de M�xico|Ciudad de M�xico|14091|09|14091|28|012|2237|Urbano|14|,6.0,10.0,29.0,203.0,93444.44
16,Rogelio,Almeda Valdes,22,07810|Estrella|Colonia|Gustavo A. Madero|Ciudad de M�xico|Ciudad de M�xico|07001|09|07001|09|005|1172|Urbano|07|,10.0,10.0,3.0,21.0,360.0
17,Jose Alvaro,Dominguez Carrillo,24,15730|4 �rboles|Colonia|Venustiano Carranza|Ciudad de M�xico|Ciudad de M�xico|15001|09|15001|09|017|2353|Urbano|15|,10.0,5.0,45.0,315.0,40500.0
18,Maria Isabel,Carrillo Ruiz,21,11290|Hu�chapan|Colonia|Miguel Hidalgo|Ciudad de M�xico|Ciudad de M�xico|11411|09|11411|09|016|1775|Urbano|11|,5.0,10.0,10.0,70.0,16000.0
19,Arturo,Blanco Favela,21,16428|El Jazm�n|Colonia|Xochimilco|Ciudad de M�xico|Ciudad de M�xico|16001|09|16001|09|013|2467|Urbano|16|,4.0,5.0,9.0,63.0,10125.0
20,Cristina,Fuente Del Campo,23,01700|Tecalcapa del Pueblo Tetelpan|Colonia|�lvaro Obreg�n|Ciudad de M�xico|Ciudad de M�xico|01001|09|01001|09|010|0286|Urbano|01|,10.0,8.0,14.0,98.0,6272.0
21,Cristina,Kimura Fujikami,26,14100|Pedregal de San Nicol�s 1A Secci�n|Colonia|Tlalpan|Ciudad de M�xico|Ciudad de M�xico|14201|09|14201|09|012|2060|Urbano|14|,10.0,9.0,18.0,126.0,11664.0
22,Rogelio,Alcantar Curiel,21,13080|Los Reyes|Barrio|Tl�huac|Ciudad de M�xico|Ciudad de M�xico|13011|09|13011|02|011|1933|Urbano|13|,1.0,9.0,3.0,21.0,32400.006
23,Arturo,Gonzalez Ortiz,20,09696|Miravalles|Colonia|Iztapalapa|Ciudad de M�xico|Ciudad de M�xico|09511|09|09511|09|007|1480|Urbano|09|,2.0,6.0,7.0,49.0,29400.0
24,Carlos Alfonso,Fajardo Ortiz,18,14160|Popular Santa Teresa|Colonia|Tlalpan|Ciudad de M�xico|Ciudad de M�xico|14201|09|14201|09|012|2079|Urbano|14|,3.0,9.0,12.0,84.0,57600.0
25,Jorge,Alberu Gomez,23,06400|Santa Mar�a la Ribera|Colonia|Cuauht�moc|Ciudad de M�xico|Ciudad de M�xico|06401|09|06401|09|015|0911|Urbano|06|,10.0,10.0,47.0,329.0,88360.0
26,Jorge,Kimura Fujikami,26,09290|Santa Cruz Meyehualco|Colonia|Iztapalapa|Ciudad de M�xico|Ciudad de M�xico|09201|09|09201|09|007|1378|Urbano|09|,5.0,8.0,19.0,133.0,46208.0
27,Jose Antonio,Del Rio Navarro,23,01800|San Bartolo Ameyalco|Pueblo|�lvaro Obreg�n|Ciudad de M�xico|Ciudad de M�xico|01001|09|01001|28|010|0327|Urbano|01|,6.0,7.0,4.0,28.0,1244.4446
28,Manuel,Jimenez Ponce,27,01480|Lomas de Plateros|Colonia|�lvaro Obreg�n|Ciudad de M�xico|Ciudad de M�xico|01401|09|01401|09|010|0209|Urbano|01|,10.0,6.0,31.0,217.0,23064.0
29,Josefina Maria,Iglesias Morales,25,16780|Cristo Rey|Colonia|Xochimilco|Ciudad de M�xico|Ciudad de M�xico|16001|09|16001|09|013|2604|Urbano|16|,4.0,10.0,2.0,14.0,1000.0
30,Pedro,Carranza Lira,24,13510|La Lupita|Colonia|Tl�huac|Ciudad de M�xico|Ciudad de M�xico|13011|09|13011|09|011|1987|Urbano|13|,2.0,7.0,1.0,7.0,700.0
31,Susana,Guadalajara Boo,25,15370|Progresista|Colonia|Venustiano Carranza|Ciudad de M�xico|Ciudad de M�xico|15001|09|15001|09|017|2315|Urbano|15|,1.0,10.0,2.0,14.0,16000.0
32,Juan Miguel,Hinojosa Becerril,24,04929|Las Campanas|Colonia|Coyoac�n|Ciudad de M�xico|Ciudad de M�xico|04831|09|04831|09|003|0723|Urbano|04|,5.0,7.0,24.0,168.0,64512.0
33,Patricia,Feria Bernal,20,08200|Viaducto Piedad|Colonia|Iztacalco|Ciudad de M�xico|Ciudad de M�xico|08231|09|08231|09|006|1250|Urbano|08|,5.0,6.0,25.0,175.0,60000.0
34,Jose,Castillo Martinez,25,04929|Las Campanas|Colonia|Coyoac�n|Ciudad de M�xico|Ciudad de M�xico|04831|09|04831|09|003|0723|Urbano|04|,4.0,10.0,6.0,42.0,9000.002
35,Maria Asuncion,Jimenez Ponce,20,04260|San Francisco Culhuac�n Barrio de Santa Ana|Barrio|Coyoac�n|Ciudad de M�xico|Ciudad de M�xico|04831|09|04831|02|003|2808|Urbano|04|,3.0,9.0,6.0,42.0,14400.0
36,Jorge,De La Fuente Ramirez,18,04440|Culhuac�n CTM Secci�n V|Colonia|Coyoac�n|Ciudad de M�xico|Ciudad de M�xico|04831|09|04831|09|003|0651|Urbano|04|,1.0,7.0,3.0,21.0,25200.004
37,Jose Dante,Alonson Vanegas,20,11290|Hu�chapan|Colonia|Miguel Hidalgo|Ciudad de M�xico|Ciudad de M�xico|11411|09|11411|09|016|1775|Urbano|11|,5.0,10.0,13.0,91.0,27040.0
38,Alvaro,Gonzalez Ortiz,27,07250|Benito Ju�rez|Colonia|Gustavo A. Madero|Ciudad de M�xico|Ciudad de M�xico|07201|09|07201|09|005|1061|Urbano|07|,1.0,10.0,4.0,28.0,64000.0
39,Sara,Kimura Fujikami,22,11200|Lomas de Sotelo|Colonia|Miguel Hidalgo|Ciudad de M�xico|Ciudad de M�xico|11411|09|11411|09|016|1758|Urbano|11|,10.0,7.0,1.0,7.0,28.0
40,Luis Felipe,Guadalajara Boo,23,09860|Bellavista|Colonia|Iztapalapa|Ciudad de M�xico|Ciudad de M�xico|09821|09|09821|09|007|1596|Urbano|09|,8.0,10.0,10.0,70.0,6250.0
41,Jose,Elizondo Riojas,18,10920|Las Huertas|Colonia|La Magdalena Contreras|Ciudad de M�xico|Ciudad de M�xico|10901|09|10901|09|008|1738|Urbano|10|,2.0,9.0,6.0,42.0,32400.006
42,Patricia,Vera Lastra,24,14325|Rinconada Coapa 2A Secci�n|Colonia|Tlalpan|Ciudad de M�xico|Ciudad de M�xico|14391|09|14391|09|012|2125|Urbano|14|,5.0,5.0,8.0,56.0,5120.0
43,Juan Socorro,Fajardo Ortiz,25,07360|San Pedro Zacatenco|Colonia|Gustavo A. Madero|Ciudad de M�xico|Ciudad de M�xico|07051|09|07051|09|005|1095|Urbano|07|,6.0,8.0,1.0,7.0,88.8889
44,Oscar Gerardo,Iglesias Morales,23,09829|Ampliaci�n El Santuario|Colonia|Iztapalapa|Ciudad de M�xico|Ciudad de M�xico|09821|09|09821|09|007|1560|Urbano|09|,9.0,10.0,1.0,7.0,49.38272
45,Cristina,Dominguez Carrillo,22,07839|Gertrudis S�nchez 2a Secci�n|Colonia|Gustavo A. Madero|Ciudad de M�xico|Ciudad de M�xico|07001|09|07001|09|005|1178|Urbano|07|,2.0,9.0,5.0,35.0,22500.0
46,Jose Dante,Fajardo Ortiz,24,14370|Villa L�zaro C�rdenas|Colonia|Tlalpan|Ciudad de M�xico|Ciudad de M�xico|14391|09|14391|09|012|2158|Urbano|14|,9.0,5.0,28.0,196.0,19358.025
47,Maria Isabel,Alpuche Aranda,26,11289|Ampliaci�n Torre Blanca|Colonia|Miguel Hidalgo|Ciudad de M�xico|Ciudad de M�xico|11411|09|11411|09|016|1774|Urbano|11|,2.0,10.0,2.0,14.0,4000.0
48,Jose,Chavez Negrete,23,10000|Lomas Quebradas|Colonia|La Magdalena Contreras|Ciudad de M�xico|Ciudad de M�xico|10021|09|10021|09|008|1672|Urbano|10|,5.0,5.0,0.0,0.0,0.0
49,Erick,Barrera Saldaña,23,07170|Palmatitla|Colonia|Gustavo A. Madero|Ciudad de M�xico|Ciudad de M�xico|07201|09|07201|09|005|1035|Urbano|07|,5.0,7.0,17.0,119.0,32368.0
50,Sara,Aguirre Cruz,27,13450|Ojo de Agua|Colonia|Tl�huac|Ciudad de M�xico|Ciudad de M�xico|13011|09|13011|09|011|1982|Urbano|13|,8.0,5.0,1.0,7.0,31.25
51,Cuauhtemoc,Jimenez Ponce,24,09140|Santa Martha Acatitla Norte|Colonia|Iztapalapa|Ciudad de M�xico|Ciudad de M�xico|09181|09|09181|09|007|1335|Urbano|09|,4.0,8.0,7.0,49.0,9800.0
52,Hector Gerardo,De La Fuente Ramirez,19,07860|La Joyita|Colonia|Gustavo A. Madero|Ciudad de M�xico|Ciudad de M�xico|07001|09|07001|09|005|1185|Urbano|07|,10.0,5.0,49.0,343.0,48020.0
53,Alberto Manuel,Hinojosa Becerril,26,09819|Valle del Sur|Colonia|Iztapalapa|Ciudad de M�xico|Ciudad de M�xico|09821|09|09821|09|007|1551|Urbano|09|,6.0,5.0,30.0,210.0,50000.0
54,Carlos Alfonso,Iglesias Morales,19,07359|San Rafael Ticom�n|Barrio|Gustavo A. Madero|Ciudad de M�xico|Ciudad de M�xico|07311|09|07311|02|005|1093|Urbano|07|,2.0,6.0,9.0,63.0,48600.0
55,Oscar Gerardo,Gomez Perez,23,13419|Ampliaci�n Jos� L�pez Portillo|Colonia|Tl�huac|Ciudad de M�xico|Ciudad de M�xico|13011|09|13011|09|011|1975|Urbano|13|,7.0,6.0,7.0,49.0,2400.0
56,Pablo,Aguilar Navarro,26,16080|San Esteban|Barrio|Xochimilco|Ciudad de M�xico|Ciudad de M�xico|16001|09|16001|02|013|2430|Urbano|16|,6.0,10.0,12.0,84.0,16000.0
57,Andrea,Vera Lastra,23,09706|San Jos� Buenavista|Colonia|Iztapalapa|Ciudad de M�xico|Ciudad de M�xico|09291|09|09291|09|007|1497|Urbano|09|,5.0,6.0,23.0,161.0,50784.0
58,Carlos Alberto,Alcocer Varela,21,14360|Magisterial|Colonia|Tlalpan|Ciudad de M�xico|Ciudad de M�xico|14391|09|14391|09|012|2153|Urbano|14|,5.0,5.0,22.0,154.0,38720.0
59,Susana,Dominguez Carrillo,25,09920|Jos� L�pez Portillo|Colonia|Iztapalapa|Ciudad de M�xico|Ciudad de M�xico|09291|09|09291|09|007|1643|Urbano|09|,4.0,8.0,2.0,14.0,800.0
60,Maria Lucinda,Barrera Saldaña,19,01110|El Capul�n|Colonia|�lvaro Obreg�n|Ciudad de M�xico|Ciudad de M�xico|01131|09|01131|09|010|0036|Urbano|01|,9.0,7.0,26.0,182.0,23367.902
61,Rogelio,Kimura Fujikami,19,11580|Bosque de Chapultepec I Secci�n|Equipamiento|Miguel Hidalgo|Ciudad de M�xico|Ciudad de M�xico|11591|09|11591|17|016|1833|Urbano|11|,6.0,9.0,7.0,49.0,4900.0
62,Celia,Hernandez Avila,24,01299|2a Ampliaci�n Presidentes|Colonia|�lvaro Obreg�n|Ciudad de M�xico|Ciudad de M�xico|01401|09|01401|09|010|0161|Urbano|01|,10.0,10.0,10.0,70.0,4000.0
63,Mario Arturo,Iglesias Morales,21,14250|Miguel Hidalgo 4A Secci�n|Colonia|Tlalpan|Ciudad de M�xico|Ciudad de M�xico|14201|09|14201|09|012|2100|Urbano|14|,2.0,10.0,0.0,0.0,0.0
64,Maria de Lourdes,Castillo Martinez,27,07239|Zona Escolar Oriente|Colonia|Gustavo A. Madero|Ciudad de M�xico|Ciudad de M�xico|07201|09|07201|09|005|1054|Urbano|07|,4.0,5.0,3.0,21.0,1125.0002
65,Ruben,Fuente Del Campo,22,03400|�lamos|Colonia|Benito Ju�rez|Ciudad de M�xico|Ciudad de M�xico|03501|09|03501|09|014|0516|Urbano|03|,4.0,6.0,18.0,126.0,48600.0
66,Jesus,Del Rio Navarro,23,09660|Citlalli|Colonia|Iztapalapa|Ciudad de M�xico|Ciudad de M�xico|09511|09|09511|09|007|1470|Urbano|09|,5.0,10.0,11.0,77.0,19360.0
67,Hector Gerardo,Lara Muñoz,19,01708|El Mirador del Pueblo Tetelpan|Colonia|�lvaro Obreg�n|Ciudad de M�xico|Ciudad de M�xico|01001|09|01001|09|010|0292|Urbano|01|,1.0,9.0,2.0,14.0,14400.0
68,Arturo,Jimenez Ponce,19,09270|Colonial Iztapalapa|Colonia|Iztapalapa|Ciudad de M�xico|Ciudad de M�xico|09201|09|09201|09|007|1376|Urbano|09|,8.0,7.0,19.0,133.0,15793.75
69,Manuel,Carranza Lira,21,09698|Miguel de La Madrid Hurtado|Colonia|Iztapalapa|Ciudad de M�xico|Ciudad de M�xico|09511|09|09511|09|007|1482|Urbano|09|,4.0,10.0,14.0,98.0,49000.0
70,Josefina Maria,Carrillo Ruiz,21,10580|Barranca Seca|Colonia|La Magdalena Contreras|Ciudad de M�xico|Ciudad de M�xico|10581|09|10581|09|008|1707|Urbano|10|,10.0,8.0,14.0,98.0,6272.0
71,Maria del Carmen,Eslava Campos,27,14427|San Juan Tepeximilpa|Colonia|Tlalpan|Ciudad de M�xico|Ciudad de M�xico|14091|09|14091|09|012|2196|Urbano|14|,9.0,9.0,0.0,0.0,0.0
72,Roberto,Elizondo Riojas,27,01820|Ejido San Mateo|Colonia|�lvaro Obreg�n|Ciudad de M�xico|Ciudad de M�xico|01001|09|01001|09|010|2843|Urbano|01|,6.0,7.0,11.0,77.0,9411.112
73,Juan Socorro,Dominguez Carrillo,27,04460|Avante|Colonia|Coyoac�n|Ciudad de M�xico|Ciudad de M�xico|04831|09|04831|09|003|0653|Urbano|04|,6.0,7.0,10.0,70.0,7777.779
74,Roberto,Alpuche Aranda,20,05348|Santa Fe Cuajimalpa|Colonia|Cuajimalpa de Morelos|Ciudad de M�xico|Ciudad de M�xico|05501|09|05501|09|004|0792|Urbano|05|,7.0,5.0,17.0,119.0,11795.919
75,Jose Antonio,Gonzalez Ortiz,18,01730|Lomas de las �guilas|Colonia|�lvaro Obreg�n|Ciudad de M�xico|Ciudad de M�xico|01001|09|01001|09|010|0299|Urbano|01|,1.0,8.0,3.0,21.0,28800.004
76,Andrea,Chavez Negrete,18,01618|Ex-Hacienda de Tarango|Colonia|�lvaro Obreg�n|Ciudad de M�xico|Ciudad de M�xico|01401|09|01401|09|010|2745|Urbano|01|,4.0,9.0,3.0,21.0,2025.0004
77,Pablo,Hernandez Avila,27,16340|Texmic|Colonia|Xochimilco|Ciudad de M�xico|Ciudad de M�xico|16001|09|16001|09|013|2462|Urbano|16|,2.0,9.0,5.0,35.0,22500.0
78,Sara,Salinas Aguilar,27,07268|Solidaridad Nacional|Colonia|Gustavo A. Madero|Ciudad de M�xico|Ciudad de M�xico|07201|09|07201|09|005|1065|Urbano|07|,2.0,6.0,9.0,63.0,48600.0
79,Pedro,Alcocer Varela,23,04370|Atl�ntida|Colonia|Coyoac�n|Ciudad de M�xico|Ciudad de M�xico|04831|09|04831|09|003|0637|Urbano|04|,8.0,10.0,11.0,77.0,7562.5
80,Adrian,Aguilar Navarro,23,13419|Ampliaci�n Jos� L�pez Portillo|Colonia|Tl�huac|Ciudad de M�xico|Ciudad de M�xico|13011|09|13011|09|011|1975|Urbano|13|,6.0,7.0,17.0,119.0,22477.78
81,Hector Gerardo,Fajardo Ortiz,25,08320|Fraccionamiento Coyuya|Colonia|Iztacalco|Ciudad de M�xico|Ciudad de M�xico|08231|09|08231|09|006|1257|Urbano|08|,10.0,6.0,44.0,308.0,46464.0
82,Manuel,Lara Muñoz,25,14350|Prado Coapa 1A Secci�n|Colonia|Tlalpan|Ciudad de M�xico|Ciudad de M�xico|14391|09|14391|09|012|2147|Urbano|14|,6.0,5.0,24.0,168.0,32000.0
83,Jose Antonio,Barquera Cervera,22,01170|Abraham M. Gonz�lez|Colonia|�lvaro Obreg�n|Ciudad de M�xico|Ciudad de M�xico|01131|09|01131|09|010|0074|Urbano|01|,7.0,6.0,21.0,147.0,21600.004
84,Heriberto,Carranza Lira,22,16000|San Antonio|Barrio|Xochimilco|Ciudad de M�xico|Ciudad de M�xico|16001|09|16001|02|013|2380|Urbano|16|,9.0,9.0,25.0,175.0,27777.78
85,Jose Antonio,Lemus Bravo,24,14439|Pedregal de las �guilas|Colonia|Tlalpan|Ciudad de M�xico|Ciudad de M�xico|14091|09|14091|09|012|2206|Urbano|14|,3.0,9.0,5.0,35.0,10000.002
86,Jose Alvaro,Dominguez Carrillo,25,04500|Jardines del Pedregal de San �ngel|Colonia|Coyoac�n|Ciudad de M�xico|Ciudad de M�xico|14391|09|14391|09|003|0660|Urbano|04|,9.0,6.0,42.0,294.0,52266.668
87,Francisco Javier,Barrientos Melendez,21,12400|San Juan|Barrio|Milpa Alta|Ciudad de M�xico|Ciudad de M�xico|12001|09|12001|02|009|1906|Urbano|12|,7.0,5.0,11.0,77.0,4938.7754
88,Rafael,Iglesias Morales,26,09960|La Planta|Colonia|Iztapalapa|Ciudad de M�xico|Ciudad de M�xico|09291|09|09291|09|007|2736|Urbano|09|,7.0,9.0,9.0,63.0,5951.021
89,Sara,Vera Lastra,18,04490|Culhuac�n CTM Secci�n Piloto|Colonia|Coyoac�n|Ciudad de M�xico|Ciudad de M�xico|04831|09|04831|09|003|0659|Urbano|04|,4.0,9.0,5.0,35.0,5625.0
90,Maria de Lourdes,Alonson Vanegas,27,13300|Santiago Norte|Barrio|Tl�huac|Ciudad de M�xico|Ciudad de M�xico|13221|09|13221|02|011|2894|Urbano|13|,3.0,5.0,13.0,91.0,37555.55
91,Cuauhtemoc,Gonzalez Ortiz,23,01160|Isidro Fabela|Colonia|�lvaro Obreg�n|Ciudad de M�xico|Ciudad de M�xico|01131|09|01131|09|010|0067|Urbano|01|,9.0,6.0,19.0,133.0,10696.296
92,Mario Arturo,Gomez Perez,22,07110|Lomas de Cuautepec|Colonia|Gustavo A. Madero|Ciudad de M�xico|Ciudad de M�xico|07201|09|07201|09|005|1021|Urbano|07|,5.0,6.0,10.0,70.0,9600.0
93,Hector Gerardo,Fuente Del Campo,18,01540|Punta de Cehuaya|Colonia|�lvaro Obreg�n|Ciudad de M�xico|Ciudad de M�xico|01401|09|01401|09|010|0241|Urbano|01|,3.0,6.0,1.0,7.0,266.6667
94,Luis Felipe,Fajardo Ortiz,27,03650|Letr�n Valle|Colonia|Benito Ju�rez|Ciudad de M�xico|Ciudad de M�xico|03501|09|03501|09|014|0539|Urbano|03|,7.0,5.0,22.0,154.0,19755.102
95,Maria Asuncion,Jung Cook,23,14239|Los Encinos|Colonia|Tlalpan|Ciudad de M�xico|Ciudad de M�xico|14201|09|14201|09|012|2093|Urbano|14|,2.0,9.0,3.0,21.0,8100.0015
96,Alberto Manuel,Jung Cook,27,14110|Ampliaci�n Fuentes del Pedregal|Colonia|Tlalpan|Ciudad de M�xico|Ciudad de M�xico|14201|09|14201|09|012|2881|Urbano|14|,7.0,10.0,30.0,210.0,73469.39
97,Maria Lucinda,Carrillo Ruiz,20,09000|San Pedro|Barrio|Iztapalapa|Ciudad de M�xico|Ciudad de M�xico|09081|09|09081|02|007|1304|Urbano|09|,6.0,7.0,11.0,77.0,9411.112
98,Maria de Lourdes,Cardona Perez,24,09730|Reforma Pol�tica|Colonia|Iztapalapa|Ciudad de M�xico|Ciudad de M�xico|09291|09|09291|09|007|1508|Urbano|09|,3.0,10.0,1.0,7.0,444.4445
99,Rafael,Aguirre Cruz,20,09290|Santa Cruz Meyehualco|Colonia|Iztapalapa|Ciudad de M�xico|Ciudad de M�xico|09201|09|09201|09|007|1378|Urbano|09|,2.0,6.0,10.0,70.0,60000.0
100,Josefina Maria,Carranza Lira,20,01310|San Gabriel|Colonia|�lvaro Obreg�n|Ciudad de M�xico|Ciudad de M�xico|01401|09|01401|09|010|0163|Urbano|01|,7.0,7.0,3.0,21.0,514.28577
101,Maria Lucinda,Diaz Quiñonez,25,13219|Ampliaci�n Los Olivos|Colonia|Tl�huac|Ciudad de M�xico|Ciudad de M�xico|13221|09|13221|09|011|1951|Urbano|13|,10.0,6.0,2.0,14.0,96.0
102,Cristina,Espinola Zavaleta,26,06080|Centro (�rea 8)|Colonia|Cuauht�moc|Ciudad de M�xico|Ciudad de M�xico|06002|09|06002|09|015|0875|Urbano|06|,7.0,7.0,18.0,126.0,18514.287
103,Angel Antonio,Alexanderson Rosas,26,11540|Polanco III Secci�n|Colonia|Miguel Hidalgo|Ciudad de M�xico|Ciudad de M�xico|11591|09|11591|09|016|2783|Urbano|11|,10.0,9.0,9.0,63.0,2916.0
104,Francisco Javier,Fuente Del Campo,22,09600|Santiago Acahualtepec|Pueblo|Iztapalapa|Ciudad de M�xico|Ciudad de M�xico|09511|09|09511|28|007|1453|Urbano|09|,9.0,5.0,38.0,266.0,35654.32
105,Celia,Gonzalez Ortiz,19,09960|Allapetlalli|Colonia|Iztapalapa|Ciudad de M�xico|Ciudad de M�xico|09291|09|09291|09|007|1961|Urbano|09|,2.0,6.0,0.0,0.0,0.0
106,Jorge,Hinojosa Becerril,26,06840|Esperanza|Colonia|Cuauht�moc|Ciudad de M�xico|Ciudad de M�xico|06401|09|06401|09|015|0980|Urbano|06|,10.0,8.0,2.0,14.0,128.0
107,Susana,Cardona Perez,22,09230|Jos� Mar�a Morelos y Pav�n|Colonia|Iztapalapa|Ciudad de M�xico|Ciudad de M�xico|09201|09|09201|09|007|1369|Urbano|09|,9.0,10.0,0.0,0.0,0.0
108,Arturo,Lara Muñoz,24,02810|Ignacio Allende|Colonia|Azcapotzalco|Ciudad de M�xico|Ciudad de M�xico|02601|09|02601|09|002|0469|Urbano|02|,1.0,10.0,0.0,0.0,0.0
109,Erick,Almeda Valdes,26,07670|Guadalupe Proletaria|Colonia|Gustavo A. Madero|Ciudad de M�xico|Ciudad de M�xico|07001|09|07001|09|005|1146|Urbano|07|,6.0,8.0,8.0,56.0,5688.8896
110,Paloma,Carrillo Ruiz,20,02150|Pasteros|Colonia|Azcapotzalco|Ciudad de M�xico|Ciudad de M�xico|02011|09|02011|09|002|0393|Urbano|02|,8.0,8.0,19.0,133.0,18050.0
111,Manuel,Barquera Cervera,23,11610|Manuel Avila Camacho|Colonia|Miguel Hidalgo|Ciudad de M�xico|Ciudad de M�xico|11801|09|11801|09|016|1844|Urbano|11|,2.0,6.0,3.0,21.0,5400.001
112,Ruben,Alonson Vanegas,18,09630|San Miguel Teotongo Secci�n Torres|Colonia|Iztapalapa|Ciudad de M�xico|Ciudad de M�xico|09511|09|09511|09|007|2863|Urbano|09|,1.0,7.0,5.0,35.0,70000.0
113,Jose,Iglesias Morales,24,04940|Los Sauces|Colonia|Coyoac�n|Ciudad de M�xico|Ciudad de M�xico|04831|09|04831|09|003|0727|Urbano|04|,2.0,7.0,8.0,56.0,44800.0
114,Maria del Carmen,Fajardo Ortiz,22,01700|Tetelpan|Pueblo|�lvaro Obreg�n|Ciudad de M�xico|Ciudad de M�xico|01001|09|01001|28|010|0287|Urbano|01|,8.0,7.0,24.0,168.0,25200.004
115,Maria del Carmen,Jung Cook,18,09180|Ermita Zaragoza|Colonia|Iztapalapa|Ciudad de M�xico|Ciudad de M�xico|09181|09|09181|09|007|1339|Urbano|09|,1.0,7.0,3.0,21.0,25200.004
116,Maria de Lourdes,Carrillo Ruiz,27,14000|Tlalpan Centro|Colonia|Tlalpan|Ciudad de M�xico|Ciudad de M�xico|14091|09|14091|09|012|2027|Urbano|14|,8.0,5.0,25.0,175.0,19531.25
117,Rogelio,Blanco Favela,18,14749|Chimilli|Colonia|Tlalpan|Ciudad de M�xico|Ciudad de M�xico|14201|09|14201|09|012|2275|Urbano|14|,4.0,8.0,1.0,7.0,200.0
118,Cristina,Lara Muñoz,23,14370|Villa L�zaro C�rdenas|Colonia|Tlalpan|Ciudad de M�xico|Ciudad de M�xico|14391|09|14391|09|012|2158|Urbano|14|,6.0,9.0,11.0,77.0,12100.0
119,Mario Arturo,Gomez Perez,25,04240|Hermosillo|Colonia|Coyoac�n|Ciudad de M�xico|Ciudad de M�xico|04831|09|04831|09|003|0586|Urbano|04|,6.0,10.0,9.0,63.0,9000.002
120,Arturo,Gonzalez Ortiz,21,04010|Santa Catarina|Barrio|Coyoac�n|Ciudad de M�xico|Ciudad de M�xico|03501|09|03501|02|003|0566|Urbano|04|,8.0,10.0,23.0,161.0,33062.5
121,Carlos Alfonso,Aguirre Cruz,25,07650|Ampliaci�n Progreso Nacional|Colonia|Gustavo A. Madero|Ciudad de M�xico|Ciudad de M�xico|07001|09|07001|09|005|1144|Urbano|07|,6.0,9.0,14.0,98.0,19600.0
122,Juan Miguel,Gomez Perez,22,01630|Los Juristas|Colonia|�lvaro Obreg�n|Ciudad de M�xico|Ciudad de M�xico|01401|09|01401|09|010|2640|Urbano|01|,5.0,8.0,0.0,0.0,0.0
123,Jesus,Hernandez Avila,23,09420|Nueva Rosita|Colonia|Iztapalapa|Ciudad de M�xico|Ciudad de M�xico|09081|09|09081|09|007|1416|Urbano|09|,3.0,7.0,2.0,14.0,1244.4446
124,Laura,Fajardo Ortiz,27,09200|Unidad Vicente Guerrero|Colonia|Iztapalapa|Ciudad de M�xico|Ciudad de M�xico|09201|09|09201|09|007|1341|Urbano|09|,9.0,10.0,33.0,231.0,53777.78
125,Maria de Lourdes,Gomez Perez,26,05269|Amado Nervo|Colonia|Cuajimalpa de Morelos|Ciudad de M�xico|Ciudad de M�xico|05501|09|05501|09|004|0780|Urbano|05|,4.0,6.0,10.0,70.0,15000.0
126,Joaquin,Madrazo Navarro,24,04360|Copilco Universidad|Colonia|Coyoac�n|Ciudad de M�xico|Ciudad de M�xico|04831|09|04831|09|003|0633|Urbano|04|,8.0,8.0,21.0,147.0,22049.996
127,Jose Antonio,Carrillo Ruiz,23,02650|Trabajadores de Hierro|Colonia|Azcapotzalco|Ciudad de M�xico|Ciudad de M�xico|02601|09|02601|09|002|0445|Urbano|02|,8.0,5.0,18.0,126.0,10125.0
128,Andrea,Espinola Zavaleta,27,16040|San Lorenzo|Barrio|Xochimilco|Ciudad de M�xico|Ciudad de M�xico|16001|09|16001|02|013|2412|Urbano|16|,9.0,6.0,29.0,203.0,24918.518
129,Susana,Gomez Perez,25,07930|Indeco|Colonia|Gustavo A. Madero|Ciudad de M�xico|Ciudad de M�xico|07981|09|07981|09|005|1204|Urbano|07|,9.0,10.0,27.0,189.0,36000.008
130,Alberto Manuel,Barquera Cervera,22,16614|Ni�os H�roes|Barrio|Xochimilco|Ciudad de M�xico|Ciudad de M�xico|16001|09|16001|02|013|2910|Urbano|16|,6.0,9.0,27.0,189.0,72900.0
131,Joaquin,Carranza Lira,27,13060|La Guadalupe|Barrio|Tl�huac|Ciudad de M�xico|Ciudad de M�xico|13011|09|13011|02|011|1929|Urbano|13|,8.0,10.0,16.0,112.0,16000.0
132,Cuauhtemoc,Vera Lastra,23,03020|Narvarte Poniente|Colonia|Benito Ju�rez|Ciudad de M�xico|Ciudad de M�xico|03001|09|03001|09|014|0493|Urbano|03|,3.0,7.0,14.0,98.0,60977.785
133,Jorge,Barrera Saldaña,22,01760|La Herradura del Pueblo Tetelpan|Colonia|�lvaro Obreg�n|Ciudad de M�xico|Ciudad de M�xico|01001|09|01001|09|010|0311|Urbano|01|,7.0,9.0,23.0,161.0,38865.31
134,Arturo,Del Rio Navarro,23,06890|Ampliaci�n Asturias|Colonia|Cuauht�moc|Ciudad de M�xico|Ciudad de M�xico|06401|09|06401|09|015|0986|Urbano|06|,6.0,7.0,1.0,7.0,77.77779
135,Celia,Gonzalez Ortiz,27,01630|Lomas de Puerta Grande|Colonia|�lvaro Obreg�n|Ciudad de M�xico|Ciudad de M�xico|01401|09|01401|09|010|0271|Urbano|01|,3.0,10.0,15.0,105.0,100000.0
136,Maria Dolores,Blanco Favela,25,09609|Santiago Acahualtepec 2a. Ampliaci�n|Colonia|Iztapalapa|Ciudad de M�xico|Ciudad de M�xico|09511|09|09511|09|007|1455|Urbano|09|,8.0,5.0,4.0,28.0,500.0
137,Alberto Manuel,Elizondo Riojas,23,06280|Felipe Pescador|Colonia|Cuauht�moc|Ciudad de M�xico|Ciudad de M�xico|06401|09|06401|09|015|0899|Urbano|06|,2.0,5.0,0.0,0.0,0.0
138,Juan Miguel,Gonzalez Ortiz,25,14340|Vergel de Coyoac�n|Colonia|Tlalpan|Ciudad de M�xico|Ciudad de M�xico|14391|09|14391|09|012|2145|Urbano|14|,7.0,10.0,34.0,238.0,94367.35
139,Joaquin,Flores Rivera,27,09410|Magdalena Atlazolpa|Pueblo|Iztapalapa|Ciudad de M�xico|Ciudad de M�xico|09081|09|09081|28|007|1413|Urbano|09|,6.0,10.0,27.0,189.0,81000.0
140,Susana,Calva Mercado,20,11250|10 de Abril|Colonia|Miguel Hidalgo|Ciudad de M�xico|Ciudad de M�xico|11411|09|11411|09|016|1768|Urbano|11|,9.0,7.0,35.0,245.0,42345.68
141,Maria del Carmen,Espinola Zavaleta,21,15680|Arenal 2a Secci�n|Colonia|Venustiano Carranza|Ciudad de M�xico|Ciudad de M�xico|15001|09|15001|09|017|2347|Urbano|15|,10.0,8.0,6.0,42.0,1152.0
142,Jesus,Herrera Abarca,25,15230|Emilio Carranza|Colonia|Venustiano Carranza|Ciudad de M�xico|Ciudad de M�xico|15001|09|15001|09|017|2297|Urbano|15|,5.0,5.0,6.0,42.0,2880.0
143,Rafael,Salinas Aguilar,27,13270|Del Mar|Colonia|Tl�huac|Ciudad de M�xico|Ciudad de M�xico|13221|09|13221|09|011|1958|Urbano|13|,9.0,7.0,45.0,315.0,70000.0
144,Jose Antonio,Jimenez Ponce,27,09090|H�roes de Churubusco|Colonia|Iztapalapa|Ciudad de M�xico|Ciudad de M�xico|09081|09|09081|09|007|1329|Urbano|09|,6.0,10.0,29.0,203.0,93444.44
145,Carlos Alfonso,Del Rio Navarro,27,01830|Santa Rosa Xochiac|Pueblo|�lvaro Obreg�n|Ciudad de M�xico|Ciudad de M�xico|01001|09|01001|28|010|0333|Urbano|01|,3.0,9.0,4.0,28.0,6400.0005
146,Juan Miguel,Guadalajara Boo,21,04489|Culhuac�n CTM Secci�n VII|Colonia|Coyoac�n|Ciudad de M�xico|Ciudad de M�xico|04831|09|04831|09|003|0658|Urbano|04|,1.0,7.0,0.0,0.0,0.0
147,Maria Isabel,Hinojosa Becerril,26,14646|Valle de Tepepan|Colonia|Tlalpan|Ciudad de M�xico|Ciudad de M�xico|14091|09|14091|09|012|2245|Urbano|14|,9.0,7.0,45.0,315.0,70000.0
148,Cuauhtemoc,Iglesias Morales,25,13300|Santiago Norte|Barrio|Tl�huac|Ciudad de M�xico|Ciudad de M�xico|13221|09|13221|02|011|2894|Urbano|13|,4.0,10.0,19.0,133.0,90250.0
149,Susana,Flores Rivera,21,03800|San Pedro de los Pinos|Colonia|Benito Ju�rez|Ciudad de M�xico|Ciudad de M�xico|03901|09|03901|09|014|0546|Urbano|03|,4.0,7.0,15.0,105.0,39375.0
150,Jose Hugo,Barrientos Melendez,21,09730|Reforma Pol�tica|Colonia|Iztapalapa|Ciudad de M�xico|Ciudad de M�xico|09291|09|09291|09|007|1508|Urbano|09|,8.0,7.0,6.0,42.0,1575.0002
151,Ana,Blanco Favela,22,06450|Atlampa|Colonia|Cuauht�moc|Ciudad de M�xico|Ciudad de M�xico|06401|09|06401|09|015|0914|Urbano|06|,4.0,6.0,2.0,14.0,600.0
152,Pablo,Lara Muñoz,22,09900|San Antonio|Barrio|Iztapalapa|Ciudad de M�xico|Ciudad de M�xico|09291|09|09291|02|007|1638|Urbano|09|,5.0,5.0,0.0,0.0,0.0
153,Hector Gerardo,Carranza Lira,21,09900|San Antonio|Barrio|Iztapalapa|Ciudad de M�xico|Ciudad de M�xico|09291|09|09291|02|007|1638|Urbano|09|,9.0,10.0,35.0,245.0,60493.83
154,Joaquin,Madrazo Navarro,19,13700|San Nicol�s Tetelco|Pueblo|Tl�huac|Ciudad de M�xico|Ciudad de M�xico|13611|09|13611|28|011|2009|Urbano|13|,10.0,10.0,33.0,231.0,43560.0
155,Ana,Lara Muñoz,27,11460|Los Manzanos|Colonia|Miguel Hidalgo|Ciudad de M�xico|Ciudad de M�xico|11411|09|11411|09|016|1807|Urbano|11|,8.0,9.0,16.0,112.0,14400.0
156,Alberto Manuel,Jimenez Ponce,20,02490|San Mateo|Barrio|Azcapotzalco|Ciudad de M�xico|Ciudad de M�xico|02431|09|02431|02|002|0427|Urbano|02|,3.0,10.0,15.0,105.0,100000.0
157,Juan Socorro,Barrangan Garcia,20,02500|Unidad Cuitl�huac|Colonia|Azcapotzalco|Ciudad de M�xico|Ciudad de M�xico|02011|09|02011|09|002|0428|Urbano|02|,7.0,8.0,0.0,0.0,0.0
158,Maria de Lourdes,Madrazo Navarro,19,02050|Libertad|Colonia|Azcapotzalco|Ciudad de M�xico|Ciudad de M�xico|02011|09|02011|09|002|0364|Urbano|02|,2.0,8.0,0.0,0.0,0.0
159,Roberto,Kimura Fujikami,20,02060|Sindicato Mexicano de Electricistas|Colonia|Azcapotzalco|Ciudad de M�xico|Ciudad de M�xico|02011|09|02011|09|002|0368|Urbano|02|,6.0,10.0,1.0,7.0,111.11112
160,Jorge,Cardona Perez,22,07140|Forestal|Colonia|Gustavo A. Madero|Ciudad de M�xico|Ciudad de M�xico|07201|09|07201|09|005|1028|Urbano|07|,5.0,10.0,17.0,119.0,46240.0
161,Maria Lucinda,Diaz Quiñonez,20,14250|Miguel Hidalgo 3A Secci�n|Colonia|Tlalpan|Ciudad de M�xico|Ciudad de M�xico|14201|09|14201|09|012|2099|Urbano|14|,8.0,7.0,8.0,56.0,2800.0
162,Juan Miguel,Alcaraz Verduzco,22,06040|Centro (�rea 4)|Colonia|Cuauht�moc|Ciudad de M�xico|Ciudad de M�xico|06002|09|06002|09|015|0860|Urbano|06|,10.0,8.0,21.0,147.0,14112.0
163,Andrea,Dominguez Carrillo,22,14476|La Palma|Colonia|Tlalpan|Ciudad de M�xico|Ciudad de M�xico|14091|09|14091|09|012|2216|Urbano|14|,3.0,10.0,3.0,21.0,4000.0
164,Jose Alvaro,Escalante Acosta,21,15970|Aeron�utica Militar|Colonia|Venustiano Carranza|Ciudad de M�xico|Ciudad de M�xico|15001|09|15001|09|017|2376|Urbano|15|,1.0,10.0,2.0,14.0,16000.0
165,Pablo,Alpuche Aranda,24,06070|Centro (�rea 7)|Colonia|Cuauht�moc|Ciudad de M�xico|Ciudad de M�xico|06002|09|06002|09|015|0873|Urbano|06|,10.0,6.0,32.0,224.0,24576.0
166,Jesus,Barrangan Garcia,25,01250|Tecolalco|Colonia|�lvaro Obreg�n|Ciudad de M�xico|Ciudad de M�xico|01401|09|01401|09|010|0108|Urbano|01|,4.0,8.0,17.0,119.0,57800.0
167,Andrea,Castillo Martinez,24,07760|Magdalena de las Salinas|Colonia|Gustavo A. Madero|Ciudad de M�xico|Ciudad de M�xico|07001|09|07001|09|005|1162|Urbano|07|,5.0,7.0,6.0,42.0,4032.0
168,Jorge,Gomez Perez,22,02310|Ferrer�a|Colonia|Azcapotzalco|Ciudad de M�xico|Ciudad de M�xico|02601|09|02601|09|002|0404|Urbano|02|,4.0,10.0,10.0,70.0,25000.0
169,Alvaro,Almeda Valdes,22,15730|4 �rboles|Colonia|Venustiano Carranza|Ciudad de M�xico|Ciudad de M�xico|15001|09|15001|09|017|2353|Urbano|15|,1.0,8.0,2.0,14.0,12800.0
170,Maria Asuncion,Diaz Quiñonez,19,14439|Pedregal de las �guilas|Colonia|Tlalpan|Ciudad de M�xico|Ciudad de M�xico|14091|09|14091|09|012|2206|Urbano|14|,6.0,6.0,18.0,126.0,21600.004
171,Maria Asuncion,Flores Rivera,19,16780|El Sacrificio|Colonia|Xochimilco|Ciudad de M�xico|Ciudad de M�xico|16001|09|16001|09|013|2602|Urbano|16|,5.0,10.0,8.0,56.0,10240.0
172,Josefina Maria,Hinojosa Becerril,26,07164|Tlaca�lel|Colonia|Gustavo A. Madero|Ciudad de M�xico|Ciudad de M�xico|07201|09|07201|09|005|2549|Urbano|07|,1.0,10.0,2.0,14.0,16000.0
173,Pedro,Calderon Colmenero,25,03420|Miguel Alem�n|Colonia|Benito Ju�rez|Ciudad de M�xico|Ciudad de M�xico|03501|09|03501|09|014|0519|Urbano|03|,1.0,9.0,3.0,21.0,32400.006
174,Pedro,Alexanderson Rosas,27,09410|San Jos� Aculco|Colonia|Iztapalapa|Ciudad de M�xico|Ciudad de M�xico|09081|09|09081|09|007|1414|Urbano|09|,10.0,6.0,42.0,294.0,42336.0
175,Rogelio,Aguirre Cruz,23,03910|Mixcoac|Colonia|Benito Ju�rez|Ciudad de M�xico|Ciudad de M�xico|03901|09|03901|09|014|0558|Urbano|03|,8.0,6.0,2.0,14.0,150.0
176,Paloma,Dominguez Carrillo,26,07838|Gertrudis S�nchez 3a Secci�n|Colonia|Gustavo A. Madero|Ciudad de M�xico|Ciudad de M�xico|07001|09|07001|09|005|2886|Urbano|07|,5.0,7.0,20.0,140.0,44800.0
177,Celia,Gomez Perez,20,07130|Compositores Mexicanos|Colonia|Gustavo A. Madero|Ciudad de M�xico|Ciudad de M�xico|07201|09|07201|09|005|1023|Urbano|07|,4.0,8.0,12.0,84.0,28800.004
178,Juan Miguel,Alcocer Varela,21,14380|A.M.S.A|Colonia|Tlalpan|Ciudad de M�xico|Ciudad de M�xico|14391|09|14391|09|012|2163|Urbano|14|,9.0,10.0,12.0,84.0,7111.112
179,Roberto,Hinojosa Becerril,23,09969|Cananea|Colonia|Iztapalapa|Ciudad de M�xico|Ciudad de M�xico|09291|09|09291|09|007|1651|Urbano|09|,2.0,6.0,1.0,7.0,600.0
180,Roberto,Carrillo Ruiz,26,07420|El Coyol|Colonia|Gustavo A. Madero|Ciudad de M�xico|Ciudad de M�xico|07001|09|07001|09|005|1105|Urbano|07|,4.0,5.0,0.0,0.0,0.0
181,Arturo,Lara Muñoz,24,11000|Lomas de Chapultepec VII Secci�n|Colonia|Miguel Hidalgo|Ciudad de M�xico|Ciudad de M�xico|11801|09|11801|09|016|2780|Urbano|11|,9.0,10.0,11.0,77.0,5975.3086
182,Sara,Jung Cook,25,09510|Santa Martha Acatitla|Pueblo|Iztapalapa|Ciudad de M�xico|Ciudad de M�xico|09511|09|09511|28|007|1436|Urbano|09|,4.0,10.0,10.0,70.0,25000.0
183,Angel Antonio,Flores Rivera,20,14479|Viveros Coatectl�n|Colonia|Tlalpan|Ciudad de M�xico|Ciudad de M�xico|14091|09|14091|09|012|2219|Urbano|14|,9.0,8.0,10.0,70.0,3950.6177
184,Jose Dante,Fuente Del Campo,26,09020|Dr. Alfonso Ortiz Tirado|Colonia|Iztapalapa|Ciudad de M�xico|Ciudad de M�xico|09081|09|09081|09|007|1310|Urbano|09|,10.0,5.0,8.0,56.0,1280.0
185,Cristina,Alcaraz Verduzco,20,13700|Tepantitlamilco|Colonia|Tl�huac|Ciudad de M�xico|Ciudad de M�xico|13611|09|13611|09|011|2892|Urbano|13|,6.0,8.0,21.0,147.0,39200.0
186,Ruben,Salinas Aguilar,24,05330|Ampliaci�n Memetla|Colonia|Cuajimalpa de Morelos|Ciudad de M�xico|Ciudad de M�xico|05501|09|05501|09|004|0789|Urbano|05|,5.0,5.0,24.0,168.0,46080.0
187,Hector Gerardo,Salinas Aguilar,26,01510|La Ara�a|Colonia|�lvaro Obreg�n|Ciudad de M�xico|Ciudad de M�xico|01401|09|01401|09|010|0223|Urbano|01|,4.0,10.0,15.0,105.0,56250.0
188,Roberto,Alcantar Curiel,21,09829|Ampliaci�n El Santuario|Colonia|Iztapalapa|Ciudad de M�xico|Ciudad de M�xico|09821|09|09821|09|007|1560|Urbano|09|,2.0,5.0,6.0,42.0,18000.004
189,Jose Antonio,Aguirre Cruz,23,02780|Plenitud|Colonia|Azcapotzalco|Ciudad de M�xico|Ciudad de M�xico|02431|09|02431|09|002|0465|Urbano|02|,8.0,8.0,1.0,7.0,50.0
190,Maria Lucinda,Chavez Negrete,24,07530|Campestre Arag�n|Colonia|Gustavo A. Madero|Ciudad de M�xico|Ciudad de M�xico|07501|09|07501|09|005|1129|Urbano|07|,2.0,10.0,3.0,21.0,9000.002
191,Susana,Fuente Del Campo,21,14760|H�roes de 1910|Colonia|Tlalpan|Ciudad de M�xico|Ciudad de M�xico|14201|09|14201|09|012|2278|Urbano|14|,8.0,9.0,8.0,56.0,3600.0
192,Jaime Jacobo,Feria Bernal,20,02040|San Sebasti�n|Colonia|Azcapotzalco|Ciudad de M�xico|Ciudad de M�xico|02011|09|02011|09|002|0363|Urbano|02|,2.0,5.0,9.0,63.0,40500.0
193,Andrea,Guadalajara Boo,19,01530|Corpus Christy|Colonia|�lvaro Obreg�n|Ciudad de M�xico|Ciudad de M�xico|01401|09|01401|09|010|0229|Urbano|01|,5.0,7.0,20.0,140.0,44800.0
194,Erick,De La Fuente Ramirez,26,07838|Gertrudis S�nchez 3a Secci�n|Colonia|Gustavo A. Madero|Ciudad de M�xico|Ciudad de M�xico|07001|09|07001|09|005|2886|Urbano|07|,5.0,5.0,20.0,140.0,32000.0
195,Arturo,Jung Cook,20,16780|El Sacrificio|Colonia|Xochimilco|Ciudad de M�xico|Ciudad de M�xico|16001|09|16001|09|013|2602|Urbano|16|,10.0,5.0,7.0,49.0,980.0
196,Cuauhtemoc,Alexanderson Rosas,20,09860|El Rodeo|Colonia|Iztapalapa|Ciudad de M�xico|Ciudad de M�xico|09821|09|09821|09|007|1602|Urbano|09|,10.0,7.0,41.0,287.0,47068.0
197,Heriberto,Barrangan Garcia,22,11260|M�xico Nuevo|Colonia|Miguel Hidalgo|Ciudad de M�xico|Ciudad de M�xico|11411|09|11411|09|016|1770|Urbano|11|,5.0,6.0,23.0,161.0,50784.0
198,Carlos Alberto,Iglesias Morales,23,02860|Tlatilco|Colonia|Azcapotzalco|Ciudad de M�xico|Ciudad de M�xico|02601|09|02601|09|002|0476|Urbano|02|,6.0,6.0,7.0,49.0,3266.6667
199,Jose Hugo,Almeda Valdes,25,07755|Lindavista Vallejo II Secci�n|Colonia|Gustavo A. Madero|Ciudad de M�xico|Ciudad de M�xico|07001|09|07001|09|005|2889|Urbano|07|,7.0,5.0,31.0,217.0,39224.49
200,Carlos Alberto,Lara Muñoz,27,15750|Ampliaci�n Aviaci�n Civil|Colonia|Venustiano Carranza|Ciudad de M�xico|Ciudad de M�xico|15001|09|15001|09|017|2355|Urbano|15|,8.0,9.0,34.0,238.0,65025.0
201,Maria Isabel,Barrientos Melendez,24,02010|Nuevo Barrio San Rafael|Barrio|Azcapotzalco|Ciudad de M�xico|Ciudad de M�xico|02011|09|02011|02|002|0358|Urbano|02|,5.0,9.0,24.0,168.0,82944.0
202,Maria de Lourdes,Madrazo Navarro,23,07910|San Juan de Arag�n VII Secci�n|Colonia|Gustavo A. Madero|Ciudad de M�xico|Ciudad de M�xico|07981|09|07981|09|005|1199|Urbano|07|,3.0,8.0,12.0,84.0,51200.0
203,Francisco Javier,Barrientos Melendez,23,14426|Tlaxcaltenco la Mesa|Colonia|Tlalpan|Ciudad de M�xico|Ciudad de M�xico|14091|09|14091|09|012|2195|Urbano|14|,7.0,6.0,27.0,189.0,35706.125
204,Luis Felipe,Barquera Cervera,24,14200|H�roes de Padierna|Colonia|Tlalpan|Ciudad de M�xico|Ciudad de M�xico|14201|09|14201|09|012|2080|Urbano|14|,5.0,7.0,23.0,161.0,59248.0
205,Alberto Manuel,Feria Bernal,23,04980|Ex-Hacienda Coapa|Colonia|Coyoac�n|Ciudad de M�xico|Ciudad de M�xico|04831|09|04831|09|003|0731|Urbano|04|,1.0,5.0,1.0,7.0,2000.0
206,Ruben,Carranza Lira,19,01320|Carlos A. Madrazo|Colonia|�lvaro Obreg�n|Ciudad de M�xico|Ciudad de M�xico|01401|09|01401|09|010|0164|Urbano|01|,7.0,8.0,23.0,161.0,34546.94
207,Maria Isabel,Alonson Vanegas,23,07100|San Miguel|Colonia|Gustavo A. Madero|Ciudad de M�xico|Ciudad de M�xico|07201|09|07201|09|005|1017|Urbano|07|,5.0,9.0,20.0,140.0,57600.0
208,Carlos Alberto,Almeda Valdes,24,04980|Ex-Ejido de Santa �rsula Coapa|Colonia|Coyoac�n|Ciudad de M�xico|Ciudad de M�xico|04831|09|04831|09|003|0674|Urbano|04|,3.0,9.0,14.0,98.0,78400.0
209,Paloma,De La Fuente Ramirez,24,14370|Villa L�zaro C�rdenas|Colonia|Tlalpan|Ciudad de M�xico|Ciudad de M�xico|14391|09|14391|09|012|2158|Urbano|14|,3.0,9.0,4.0,28.0,6400.0005
210,Maria Isabel,Cardona Perez,21,09698|Miguel de La Madrid Hurtado|Colonia|Iztapalapa|Ciudad de M�xico|Ciudad de M�xico|09511|09|09511|09|007|1482|Urbano|09|,3.0,10.0,7.0,49.0,21777.78
211,Susana,Kimura Fujikami,24,14340|Vergel de Coyoac�n|Colonia|Tlalpan|Ciudad de M�xico|Ciudad de M�xico|14391|09|14391|09|012|2145|Urbano|14|,4.0,6.0,2.0,14.0,600.0
212,Pedro,Aguilar Navarro,19,13070|La Magdalena|Barrio|Tl�huac|Ciudad de M�xico|Ciudad de M�xico|13011|09|13011|02|011|1931|Urbano|13|,2.0,7.0,7.0,49.0,34300.0
213,Jose Antonio,Gonzalez Ortiz,20,02970|Ampliaci�n Del Gas|Colonia|Azcapotzalco|Ciudad de M�xico|Ciudad de M�xico|02601|09|02601|09|002|0485|Urbano|02|,7.0,6.0,10.0,70.0,4897.96
214,Maria Dolores,Barrangan Garcia,20,04480|Culhuac�n CTM Secci�n VI|Colonia|Coyoac�n|Ciudad de M�xico|Ciudad de M�xico|04831|09|04831|09|003|0657|Urbano|04|,1.0,5.0,3.0,21.0,18000.004
215,Ana,Iglesias Morales,25,06000|Centro (�rea 1)|Colonia|Cuauht�moc|Ciudad de M�xico|Ciudad de M�xico|06002|09|06002|09|015|0838|Urbano|06|,7.0,8.0,25.0,175.0,40816.33
216,Jaime Jacobo,Diaz Quiñonez,26,01310|San Gabriel|Colonia|�lvaro Obreg�n|Ciudad de M�xico|Ciudad de M�xico|01401|09|01401|09|010|0163|Urbano|01|,6.0,10.0,19.0,133.0,40111.11
217,Carlos Alberto,Fuente Del Campo,27,03100|Insurgentes San Borja|Colonia|Benito Ju�rez|Ciudad de M�xico|Ciudad de M�xico|03001|09|03001|09|014|2624|Urbano|03|,10.0,9.0,39.0,273.0,54756.0
218,Sara,Calderon Colmenero,25,10378|Atacaxco|Colonia|La Magdalena Contreras|Ciudad de M�xico|Ciudad de M�xico|10021|09|10021|09|008|1698|Urbano|10|,9.0,5.0,36.0,252.0,32000.0
219,Maria del Carmen,Feria Bernal,22,01230|El Piru Santa Fe|Colonia|�lvaro Obreg�n|Ciudad de M�xico|Ciudad de M�xico|01401|09|01401|09|010|0132|Urbano|01|,3.0,5.0,4.0,28.0,3555.556
220,Manuel,Vera Lastra,25,13300|Santa Ana Poniente|Barrio|Tl�huac|Ciudad de M�xico|Ciudad de M�xico|13221|09|13221|02|011|2891|Urbano|13|,4.0,5.0,15.0,105.0,28125.0
221,Laura,Alcocer Varela,20,09830|El Manto|Colonia|Iztapalapa|Ciudad de M�xico|Ciudad de M�xico|09821|09|09821|09|007|1562|Urbano|09|,5.0,8.0,6.0,42.0,4608.0
222,Jaime Jacobo,Flores Rivera,20,15740|Aviaci�n Civil|Colonia|Venustiano Carranza|Ciudad de M�xico|Ciudad de M�xico|15001|09|15001|09|017|2354|Urbano|15|,4.0,9.0,5.0,35.0,5625.0
223,Jaime Jacobo,Alpuche Aranda,20,12950|La Lupita Xolco|Barrio|Milpa Alta|Ciudad de M�xico|Ciudad de M�xico|12001|09|12001|02|009|2872|Urbano|12|,8.0,7.0,27.0,189.0,31893.75
224,Jose Hugo,Dominguez Carrillo,25,03740|Extremadura Insurgentes|Colonia|Benito Ju�rez|Ciudad de M�xico|Ciudad de M�xico|03901|09|03901|09|014|0545|Urbano|03|,3.0,8.0,11.0,77.0,43022.227
225,Jorge,Jung Cook,26,14479|Viveros Coatectl�n|Colonia|Tlalpan|Ciudad de M�xico|Ciudad de M�xico|14091|09|14091|09|012|2219|Urbano|14|,6.0,8.0,22.0,154.0,43022.227
226,Joaquin,Alonson Vanegas,18,01220|La Estrella|Colonia|�lvaro Obreg�n|Ciudad de M�xico|Ciudad de M�xico|01401|09|01401|09|010|2681|Urbano|01|,1.0,9.0,5.0,35.0,90000.0
227,Rogelio,Del Rio Navarro,20,07540|La Esmeralda|Colonia|Gustavo A. Madero|Ciudad de M�xico|Ciudad de M�xico|07501|09|07501|09|005|1131|Urbano|07|,3.0,6.0,12.0,84.0,38400.0
228,Roberto,Del Rio Navarro,26,01789|Miguel Hidalgo|Colonia|�lvaro Obreg�n|Ciudad de M�xico|Ciudad de M�xico|01001|09|01001|09|010|0323|Urbano|01|,2.0,8.0,5.0,35.0,20000.0
229,Luis Felipe,Eslava Campos,26,01750|Las �guilas 2o Parque|Colonia|�lvaro Obreg�n|Ciudad de M�xico|Ciudad de M�xico|01001|09|01001|09|010|0306|Urbano|01|,10.0,7.0,16.0,112.0,7168.0
230,Oscar Gerardo,Barrientos Melendez,22,02070|Del Recreo|Colonia|Azcapotzalco|Ciudad de M�xico|Ciudad de M�xico|02011|09|02011|09|002|0371|Urbano|02|,6.0,9.0,16.0,112.0,25600.002
231,Jose,Feria Bernal,20,12000|Santa Cruz|Barrio|Milpa Alta|Ciudad de M�xico|Ciudad de M�xico|12001|09|12001|02|009|1882|Urbano|12|,7.0,5.0,13.0,91.0,6897.959
232,Rafael,Calderon Colmenero,27,14609|Las T�rtolas|Colonia|Tlalpan|Ciudad de M�xico|Ciudad de M�xico|14091|09|14091|09|012|2232|Urbano|14|,9.0,7.0,28.0,196.0,27101.236
233,Hector Gerardo,Barrangan Garcia,19,01040|Campestre|Colonia|�lvaro Obreg�n|Ciudad de M�xico|Ciudad de M�xico|01001|09|01001|09|010|0012|Urbano|01|,6.0,10.0,2.0,14.0,444.4445
234,Maria del Carmen,Del Rio Navarro,21,13180|San Miguel|Barrio|Tl�huac|Ciudad de M�xico|Ciudad de M�xico|13011|09|13011|02|011|1946|Urbano|13|,2.0,10.0,8.0,56.0,64000.0
235,Arturo,Castillo Martinez,24,13319|La Estaci�n|Colonia|Tl�huac|Ciudad de M�xico|Ciudad de M�xico|13221|09|13221|09|011|1970|Urbano|13|,4.0,10.0,15.0,105.0,56250.0
236,Jose Dante,Madrazo Navarro,23,16010|Paseos del Sur|Colonia|Xochimilco|Ciudad de M�xico|Ciudad de M�xico|16001|09|16001|09|013|2388|Urbano|16|,3.0,5.0,7.0,49.0,10888.89
237,Sara,Alcocer Varela,19,11470|5 de Mayo|Colonia|Miguel Hidalgo|Ciudad de M�xico|Ciudad de M�xico|11411|09|11411|09|016|1808|Urbano|11|,8.0,7.0,1.0,7.0,43.75
238,Maria de Lourdes,Eslava Campos,21,09770|Puente Blanco|Colonia|Iztapalapa|Ciudad de M�xico|Ciudad de M�xico|09291|09|09291|09|007|1524|Urbano|09|,3.0,9.0,9.0,63.0,32400.006
239,Maria Lucinda,Dominguez Carrillo,18,01020|Guadalupe Inn|Colonia|�lvaro Obreg�n|Ciudad de M�xico|Ciudad de M�xico|01001|09|01001|09|010|0006|Urbano|01|,4.0,9.0,13.0,91.0,38025.0
240,Juan Miguel,Flores Rivera,26,01110|Ampliaci�n El Capul�n|Colonia|�lvaro Obreg�n|Ciudad de M�xico|Ciudad de M�xico|01131|09|01131|09|010|0037|Urbano|01|,5.0,6.0,1.0,7.0,96.0
241,Laura,Barrientos Melendez,23,07040|Santiago Atzacoalco|Pueblo|Gustavo A. Madero|Ciudad de M�xico|Ciudad de M�xico|07001|09|07001|28|005|0998|Urbano|07|,2.0,8.0,0.0,0.0,0.0
242,Josefina Maria,Feria Bernal,23,07580|Ampliaci�n Casas Alem�n|Colonia|Gustavo A. Madero|Ciudad de M�xico|Ciudad de M�xico|07501|09|07501|09|005|1138|Urbano|07|,8.0,7.0,6.0,42.0,1575.0002
243,Heriberto,Alcocer Varela,21,13700|San Nicol�s Tetelco|Pueblo|Tl�huac|Ciudad de M�xico|Ciudad de M�xico|13611|09|13611|28|011|2009|Urbano|13|,9.0,10.0,41.0,287.0,83012.35
244,Luis Felipe,Eslava Campos,20,14609|Las T�rtolas|Colonia|Tlalpan|Ciudad de M�xico|Ciudad de M�xico|14091|09|14091|09|012|2232|Urbano|14|,3.0,6.0,10.0,70.0,26666.67
245,Celia,Carranza Lira,21,09070|Granjas de San Antonio|Colonia|Iztapalapa|Ciudad de M�xico|Ciudad de M�xico|09081|09|09081|09|007|1322|Urbano|09|,10.0,9.0,0.0,0.0,0.0
246,Arturo,Hernandez Avila,23,12940|San Jos�|Barrio|Milpa Alta|Ciudad de M�xico|Ciudad de M�xico|12001|09|12001|02|009|2874|Urbano|12|,7.0,9.0,32.0,224.0,75232.66
247,Laura,Blanco Favela,25,07150|La Casilda|Colonia|Gustavo A. Madero|Ciudad de M�xico|Ciudad de M�xico|07201|09|07201|09|005|1033|Urbano|07|,1.0,6.0,5.0,35.0,60000.0
248,Lourdes,Alcaraz Verduzco,24,13070|La Magdalena|Barrio|Tl�huac|Ciudad de M�xico|Ciudad de M�xico|13011|09|13011|02|011|1931|Urbano|13|,9.0,9.0,28.0,196.0,34844.445
249,Oscar Gerardo,Almeda Valdes,22,16514|La Gallera|Barrio|Xochimilco|Ciudad de M�xico|Ciudad de M�xico|16001|09|16001|02|013|2902|Urbano|16|,6.0,7.0,2.0,14.0,311.11115
250,Carlos Alfonso,Cardona Perez,27,09829|Ampliaci�n El Santuario|Colonia|Iztapalapa|Ciudad de M�xico|Ciudad de M�xico|09821|09|09821|09|007|1560|Urbano|09|,9.0,8.0,30.0,210.0,35555.562
251,Jesus,Herrera Abarca,20,01619|Rinconada de Tarango|Colonia|�lvaro Obreg�n|Ciudad de M�xico|Ciudad de M�xico|01401|09|01401|09|010|0269|Urbano|01|,1.0,10.0,4.0,28.0,64000.0
252,Hector Gerardo,Castillo Martinez,26,12200|Ocotitla|Barrio|Milpa Alta|Ciudad de M�xico|Ciudad de M�xico|12001|09|12001|02|009|1898|Urbano|12|,6.0,8.0,28.0,196.0,69688.89
253,Heriberto,Dominguez Carrillo,25,13030|San Juan|Barrio|Tl�huac|Ciudad de M�xico|Ciudad de M�xico|13011|09|13011|02|011|1925|Urbano|13|,1.0,9.0,5.0,35.0,90000.0
254,Jorge,Chavez Negrete,25,15270|Morelos|Colonia|Venustiano Carranza|Ciudad de M�xico|Ciudad de M�xico|15001|09|15001|09|017|2301|Urbano|15|,7.0,5.0,0.0,0.0,0.0
255,Jose,Dominguez Carrillo,27,05110|Cooperativa Palo Alto|Colonia|Cuajimalpa de Morelos|Ciudad de M�xico|Ciudad de M�xico|05501|09|05501|09|004|0748|Urbano|05|,10.0,7.0,34.0,238.0,32368.0
256,Angel Antonio,Iglesias Morales,21,15700|Federal|Colonia|Venustiano Carranza|Ciudad de M�xico|Ciudad de M�xico|15001|09|15001|09|017|2349|Urbano|15|,6.0,7.0,30.0,210.0,70000.0
257,Lourdes,Alcocer Varela,19,14658|Mirador del Valle|Colonia|Tlalpan|Ciudad de M�xico|Ciudad de M�xico|14091|09|14091|09|012|2259|Urbano|14|,7.0,6.0,27.0,189.0,35706.125
258,Rogelio,Kimura Fujikami,25,04970|Haciendas de Coyoac�n|Colonia|Coyoac�n|Ciudad de M�xico|Ciudad de M�xico|04831|09|04831|09|003|0730|Urbano|04|,1.0,7.0,3.0,21.0,25200.004
259,Maria del Carmen,Alpuche Aranda,23,10640|Pueblo Nuevo Alto|Colonia|La Magdalena Contreras|Ciudad de M�xico|Ciudad de M�xico|10581|09|10581|09|008|1717|Urbano|10|,8.0,8.0,16.0,112.0,12800.0
260,Adrian,Hernandez Avila,19,04000|Villa Coyoac�n|Colonia|Coyoac�n|Ciudad de M�xico|Ciudad de M�xico|03501|09|03501|09|003|0563|Urbano|04|,9.0,6.0,0.0,0.0,0.0
261,Hector Gerardo,Chavez Negrete,24,01810|Villa Verd�n|Colonia|�lvaro Obreg�n|Ciudad de M�xico|Ciudad de M�xico|01001|09|01001|09|010|0330|Urbano|01|,8.0,7.0,15.0,105.0,9843.75
262,Maria Dolores,Vera Lastra,27,07140|Ampliaci�n Arboledas|Colonia|Gustavo A. Madero|Ciudad de M�xico|Ciudad de M�xico|07201|09|07201|09|005|1027|Urbano|07|,10.0,8.0,22.0,154.0,15488.0
263,Laura,Calva Mercado,22,09800|San Antonio Culhuac�n|Colonia|Iztapalapa|Ciudad de M�xico|Ciudad de M�xico|09821|09|09821|09|007|1538|Urbano|09|,9.0,8.0,23.0,161.0,20898.768
264,Lourdes,Jimenez Ponce,22,09839|San Juan Joya|Colonia|Iztapalapa|Ciudad de M�xico|Ciudad de M�xico|09821|09|09821|09|007|1576|Urbano|09|,4.0,7.0,20.0,140.0,70000.0
265,Heriberto,Flores Rivera,20,05330|Memetla|Colonia|Cuajimalpa de Morelos|Ciudad de M�xico|Ciudad de M�xico|05501|09|05501|09|004|0788|Urbano|05|,3.0,10.0,11.0,77.0,53777.78
266,Paloma,Hernandez Avila,21,01290|Presidentes|Colonia|�lvaro Obreg�n|Ciudad de M�xico|Ciudad de M�xico|01401|09|01401|09|010|0148|Urbano|01|,2.0,9.0,1.0,7.0,900.0
267,Luis Felipe,Dominguez Carrillo,23,01239|La Huerta|Colonia|�lvaro Obreg�n|Ciudad de M�xico|Ciudad de M�xico|01401|09|01401|09|010|0102|Urbano|01|,7.0,7.0,32.0,224.0,58514.29
268,Jorge,Espinola Zavaleta,27,09860|Parque Nacional Cerro  de la Estrella|Colonia|Iztapalapa|Ciudad de M�xico|Ciudad de M�xico|09821|09|09821|09|007|1601|Urbano|09|,6.0,7.0,9.0,63.0,6300.001
269,Laura,Barrientos Melendez,24,14239|Los Encinos|Colonia|Tlalpan|Ciudad de M�xico|Ciudad de M�xico|14201|09|14201|09|012|2093|Urbano|14|,1.0,7.0,5.0,35.0,70000.0
270,Pablo,Barrangan Garcia,23,16320|San Lucas Oriente|Colonia|Xochimilco|Ciudad de M�xico|Ciudad de M�xico|16001|09|16001|09|013|2460|Urbano|16|,2.0,10.0,0.0,0.0,0.0
271,Carlos Alberto,Vera Lastra,22,10920|Las Huertas|Colonia|La Magdalena Contreras|Ciudad de M�xico|Ciudad de M�xico|10901|09|10901|09|008|1738|Urbano|10|,5.0,6.0,10.0,70.0,9600.0
272,Lourdes,Hernandez Avila,27,14390|Rinconada Las Hadas|Colonia|Tlalpan|Ciudad de M�xico|Ciudad de M�xico|14391|09|14391|09|012|2174|Urbano|14|,1.0,5.0,2.0,14.0,8000.0
273,Maria Asuncion,Barrientos Melendez,24,16200|Santiago Tepalcatlalpan|Pueblo|Xochimilco|Ciudad de M�xico|Ciudad de M�xico|16001|09|16001|28|013|2443|Urbano|16|,10.0,7.0,41.0,287.0,47068.0
274,Jaime Jacobo,Madrazo Navarro,25,11000|Lomas de Chapultepec IV Secci�n|Colonia|Miguel Hidalgo|Ciudad de M�xico|Ciudad de M�xico|11801|09|11801|09|016|2777|Urbano|11|,5.0,8.0,20.0,140.0,51200.0
275,Maria del Carmen,Hinojosa Becerril,21,04909|Culhuac�n CTM Secci�n IX-A|Colonia|Coyoac�n|Ciudad de M�xico|Ciudad de M�xico|04831|09|04831|09|003|0715|Urbano|04|,5.0,7.0,11.0,77.0,13552.0
276,Laura,Del Rio Navarro,19,04030|San Lucas|Barrio|Coyoac�n|Ciudad de M�xico|Ciudad de M�xico|03501|09|03501|02|003|0569|Urbano|04|,4.0,5.0,10.0,70.0,12500.0
277,Jose Antonio,Almeda Valdes,21,15820|Lorenzo Boturini|Colonia|Venustiano Carranza|Ciudad de M�xico|Ciudad de M�xico|15001|09|15001|09|017|2359|Urbano|15|,6.0,6.0,2.0,14.0,266.6667
278,Jorge,Alcantar Curiel,20,01020|Guadalupe Inn|Colonia|�lvaro Obreg�n|Ciudad de M�xico|Ciudad de M�xico|01001|09|01001|09|010|0006|Urbano|01|,1.0,5.0,2.0,14.0,8000.0
279,Joaquin,Calderon Colmenero,21,01700|Tetelpan|Pueblo|�lvaro Obreg�n|Ciudad de M�xico|Ciudad de M�xico|01001|09|01001|28|010|0287|Urbano|01|,6.0,5.0,22.0,154.0,26888.89
280,Jesus,Fajardo Ortiz,21,01376|Santa Fe Pe�a Blanca|Colonia|�lvaro Obreg�n|Ciudad de M�xico|Ciudad de M�xico|01401|09|01401|09|010|2682|Urbano|01|,2.0,8.0,3.0,21.0,7200.001
281,Juan Miguel,Calderon Colmenero,25,07859|Ampliaci�n M�rtires de R�o Blanco|Colonia|Gustavo A. Madero|Ciudad de M�xico|Ciudad de M�xico|07001|09|07001|09|005|1184|Urbano|07|,9.0,8.0,41.0,287.0,66409.88
282,Susana,Gomez Perez,20,07460|Granjas Modernas|Colonia|Gustavo A. Madero|Ciudad de M�xico|Ciudad de M�xico|07001|09|07001|09|005|1117|Urbano|07|,1.0,9.0,3.0,21.0,32400.006
283,Juan Miguel,Blanco Favela,21,04730|Bosques de Tetlameya|Colonia|Coyoac�n|Ciudad de M�xico|Ciudad de M�xico|14391|09|14391|09|003|0687|Urbano|04|,5.0,7.0,20.0,140.0,44800.0
284,Rogelio,Guadalajara Boo,19,11240|Ignacio Manuel Altamirano|Colonia|Miguel Hidalgo|Ciudad de M�xico|Ciudad de M�xico|11411|09|11411|09|016|1767|Urbano|11|,7.0,6.0,0.0,0.0,0.0
285,Alvaro,Del Rio Navarro,26,01700|Tecalcapa del Pueblo Tetelpan|Colonia|�lvaro Obreg�n|Ciudad de M�xico|Ciudad de M�xico|01001|09|01001|09|010|0286|Urbano|01|,7.0,5.0,33.0,231.0,44448.977
286,Andrea,Dominguez Carrillo,19,15640|Arenal 4a Secci�n|Colonia|Venustiano Carranza|Ciudad de M�xico|Ciudad de M�xico|15001|09|15001|09|017|2342|Urbano|15|,2.0,9.0,2.0,14.0,3600.0
287,Rogelio,Flores Rivera,20,04020|La Concepci�n|Barrio|Coyoac�n|Ciudad de M�xico|Ciudad de M�xico|03501|09|03501|02|003|0567|Urbano|04|,9.0,9.0,39.0,273.0,67600.0
288,Roberto,Barrera Saldaña,19,16050|Tierra Nueva|Colonia|Xochimilco|Ciudad de M�xico|Ciudad de M�xico|16001|09|16001|09|013|2415|Urbano|16|,3.0,10.0,3.0,21.0,4000.0
289,Maria Isabel,Alberu Gomez,27,16514|Tetitla|Barrio|Xochimilco|Ciudad de M�xico|Ciudad de M�xico|16001|09|16001|02|013|2903|Urbano|16|,6.0,5.0,11.0,77.0,6722.2227
290,Oscar Gerardo,Aguirre Cruz,25,04739|El Caracol|Colonia|Coyoac�n|Ciudad de M�xico|Ciudad de M�xico|14391|09|14391|09|003|0690|Urbano|04|,6.0,6.0,0.0,0.0,0.0
291,Maria del Carmen,Barrangan Garcia,20,14360|Magisterial Coapa|Colonia|Tlalpan|Ciudad de M�xico|Ciudad de M�xico|14391|09|14391|09|012|2877|Urbano|14|,2.0,9.0,7.0,49.0,44100.0
292,Francisco Javier,Del Rio Navarro,27,03900|San Jos� Insurgentes|Colonia|Benito Ju�rez|Ciudad de M�xico|Ciudad de M�xico|03901|09|03901|09|014|0556|Urbano|03|,2.0,9.0,3.0,21.0,8100.0015
293,Carlos Alfonso,Salinas Aguilar,23,04440|Culhuac�n CTM Secci�n I|Colonia|Coyoac�n|Ciudad de M�xico|Ciudad de M�xico|04831|09|04831|09|003|2811|Urbano|04|,7.0,8.0,20.0,140.0,26122.451
294,Cuauhtemoc,Barquera Cervera,23,14220|Cuchilla de Padierna|Colonia|Tlalpan|Ciudad de M�xico|Ciudad de M�xico|14201|09|14201|09|012|2088|Urbano|14|,3.0,5.0,8.0,56.0,14222.224
295,Heriberto,Alcocer Varela,25,10800|La Cruz|Colonia|La Magdalena Contreras|Ciudad de M�xico|Ciudad de M�xico|10581|09|10581|09|008|1728|Urbano|10|,9.0,6.0,14.0,98.0,5807.4077
296,Heriberto,Chavez Negrete,19,01569|Reacomodo Valent�n G�mez Far�as|Colonia|�lvaro Obreg�n|Ciudad de M�xico|Ciudad de M�xico|01401|09|01401|09|010|0255|Urbano|01|,4.0,7.0,10.0,70.0,17500.0
297,Maria del Carmen,Diaz Quiñonez,19,02840|Obrero Popular|Colonia|Azcapotzalco|Ciudad de M�xico|Ciudad de M�xico|02601|09|02601|09|002|0474|Urbano|02|,8.0,8.0,32.0,224.0,51200.0
298,Pablo,Guadalajara Boo,24,03000|Piedad Narvarte|Colonia|Benito Ju�rez|Ciudad de M�xico|Ciudad de M�xico|03001|09|03001|09|014|0489|Urbano|03|,5.0,6.0,10.0,70.0,9600.0
299,Oscar Gerardo,Aguirre Cruz,26,06430|Santa Mar�a Insurgentes|Colonia|Cuauht�moc|Ciudad de M�xico|Ciudad de M�xico|06401|09|06401|09|015|0913|Urbano|06|,6.0,10.0,26.0,182.0,75111.1
300,Jorge,Kimura Fujikami,21,03510|Moderna|Colonia|Benito Ju�rez|Ciudad de M�xico|Ciudad de M�xico|03501|09|03501|09|014|0525|Urbano|03|,3.0,8.0,6.0,42.0,12800.0
301,Lourdes,Del Rio Navarro,26,07890|La Joya|Colonia|Gustavo A. Madero|Ciudad de M�xico|Ciudad de M�xico|07001|09|07001|09|005|1194|Urbano|07|,1.0,6.0,1.0,7.0,2400.0
302,Sara,Calderon Colmenero,27,16320|San Lucas Oriente|Colonia|Xochimilco|Ciudad de M�xico|Ciudad de M�xico|16001|09|16001|09|013|2460|Urbano|16|,6.0,8.0,13.0,91.0,15022.222
303,Juan Socorro,Barrera Saldaña,22,09910|La Esperanza|Colonia|Iztapalapa|Ciudad de M�xico|Ciudad de M�xico|09291|09|09291|09|007|1640|Urbano|09|,8.0,10.0,27.0,189.0,45562.5
304,Alberto Manuel,Gonzalez Ortiz,24,03510|Moderna|Colonia|Benito Ju�rez|Ciudad de M�xico|Ciudad de M�xico|03501|09|03501|09|014|0525|Urbano|03|,7.0,5.0,10.0,70.0,4081.633
305,Francisco Javier,Almeda Valdes,21,16740|Guadalupita|Colonia|Xochimilco|Ciudad de M�xico|Ciudad de M�xico|16001|09|16001|09|013|2499|Urbano|16|,5.0,8.0,16.0,112.0,32768.0
306,Maria Asuncion,Barquera Cervera,20,01430|Colina del Sur|Colonia|�lvaro Obreg�n|Ciudad de M�xico|Ciudad de M�xico|01401|09|01401|09|010|0198|Urbano|01|,4.0,9.0,13.0,91.0,38025.0
307,Juan Miguel,Alberu Gomez,20,14386|Rancho los Colorines|Colonia|Tlalpan|Ciudad de M�xico|Ciudad de M�xico|14391|09|14391|09|012|2168|Urbano|14|,3.0,8.0,9.0,63.0,28800.004
308,Jose Alvaro,Guadalajara Boo,24,16740|Guadalupita|Colonia|Xochimilco|Ciudad de M�xico|Ciudad de M�xico|16001|09|16001|09|013|2499|Urbano|16|,9.0,6.0,5.0,35.0,740.74084
309,Juan Miguel,Eslava Campos,18,10840|Las Calles|Barrio|La Magdalena Contreras|Ciudad de M�xico|Ciudad de M�xico|10901|09|10901|02|008|1733|Urbano|10|,3.0,8.0,10.0,70.0,35555.562
310,Francisco Javier,Del Rio Navarro,27,08230|San Francisco Xicaltongo|Barrio|Iztacalco|Ciudad de M�xico|Ciudad de M�xico|08231|09|08231|02|006|1253|Urbano|08|,2.0,10.0,10.0,70.0,100000.0
311,Susana,Hinojosa Becerril,25,09630|San Miguel Teotongo Secci�n Corrales|Colonia|Iztapalapa|Ciudad de M�xico|Ciudad de M�xico|09511|09|09511|09|007|1481|Urbano|09|,1.0,9.0,3.0,21.0,32400.006
312,Ruben,Hernandez Avila,24,13300|Santiago Norte|Barrio|Tl�huac|Ciudad de M�xico|Ciudad de M�xico|13221|09|13221|02|011|2894|Urbano|13|,7.0,7.0,33.0,231.0,62228.57
313,Alvaro,Calva Mercado,20,01849|Rancho del Carmen del Pueblo San Bartolo Ameyalco|Colonia|�lvaro Obreg�n|Ciudad de M�xico|Ciudad de M�xico|01001|09|01001|09|010|2847|Urbano|01|,7.0,7.0,34.0,238.0,66057.15
314,Erick,Barrera Saldaña,27,02099|�ngel Zimbr�n|Colonia|Azcapotzalco|Ciudad de M�xico|Ciudad de M�xico|02011|09|02011|09|002|0378|Urbano|02|,2.0,9.0,4.0,28.0,14400.0
315,Jose Antonio,Alpuche Aranda,24,01700|San Agust�n del Pueblo Tetelpan|Colonia|�lvaro Obreg�n|Ciudad de M�xico|Ciudad de M�xico|01001|09|01001|09|010|0284|Urbano|01|,8.0,6.0,19.0,133.0,13537.5
316,Maria Dolores,Chavez Negrete,24,02000|Centro de Azcapotzalco|Colonia|Azcapotzalco|Ciudad de M�xico|Ciudad de M�xico|02011|09|02011|09|002|0353|Urbano|02|,6.0,6.0,14.0,98.0,13066.667
317,Manuel,Lemus Bravo,23,02010|Nuevo Barrio San Rafael|Barrio|Azcapotzalco|Ciudad de M�xico|Ciudad de M�xico|02011|09|02011|02|002|0358|Urbano|02|,10.0,8.0,33.0,231.0,34848.0
318,Manuel,Feria Bernal,26,02490|San Mateo|Barrio|Azcapotzalco|Ciudad de M�xico|Ciudad de M�xico|02431|09|02431|02|002|0427|Urbano|02|,8.0,7.0,25.0,175.0,27343.75
319,Ruben,Dominguez Carrillo,22,05219|Granjas Navidad|Colonia|Cuajimalpa de Morelos|Ciudad de M�xico|Ciudad de M�xico|05501|09|05501|09|004|0768|Urbano|05|,2.0,8.0,10.0,70.0,80000.0
320,Rogelio,Fuente Del Campo,25,08620|Los Reyes|Barrio|Iztacalco|Ciudad de M�xico|Ciudad de M�xico|08231|09|08231|02|006|1272|Urbano|08|,1.0,8.0,5.0,35.0,80000.0
321,Oscar Gerardo,Del Rio Navarro,27,02720|San Bartolo Cahualtongo|Pueblo|Azcapotzalco|Ciudad de M�xico|Ciudad de M�xico|02431|09|02431|28|002|0457|Urbano|02|,7.0,8.0,5.0,35.0,1632.6532
322,Maria Lucinda,Aguilar Navarro,24,09260|Constituci�n de 1917|Colonia|Iztapalapa|Ciudad de M�xico|Ciudad de M�xico|09201|09|09201|09|007|1375|Urbano|09|,8.0,7.0,33.0,231.0,47643.75
323,Maria Dolores,Carranza Lira,27,14420|Santa �rsula Xitla|Pueblo|Tlalpan|Ciudad de M�xico|Ciudad de M�xico|14091|09|14091|28|012|2192|Urbano|14|,8.0,8.0,6.0,42.0,1800.0002
324,Pablo,Guadalajara Boo,26,09700|Carlos Hank Gonzalez|Colonia|Iztapalapa|Ciudad de M�xico|Ciudad de M�xico|09291|09|09291|09|007|1486|Urbano|09|,5.0,8.0,22.0,154.0,61952.0
325,Roberto,Vera Lastra,27,07130|Compositores Mexicanos|Colonia|Gustavo A. Madero|Ciudad de M�xico|Ciudad de M�xico|07201|09|07201|09|005|1023|Urbano|07|,1.0,9.0,1.0,7.0,3600.0
326,Jose Antonio,Elizondo Riojas,22,09710|Los �ngeles Apanoaya|Colonia|Iztapalapa|Ciudad de M�xico|Ciudad de M�xico|09291|09|09291|09|007|1502|Urbano|09|,3.0,10.0,6.0,42.0,16000.0
327,Maria del Carmen,Kimura Fujikami,23,09810|Los Cipreses|Colonia|Iztapalapa|Ciudad de M�xico|Ciudad de M�xico|09821|09|09821|09|007|1548|Urbano|09|,2.0,7.0,10.0,70.0,70000.0
328,Ruben,Dominguez Carrillo,25,11460|Dos Lagos|Colonia|Miguel Hidalgo|Ciudad de M�xico|Ciudad de M�xico|11411|09|11411|09|016|1804|Urbano|11|,8.0,7.0,27.0,189.0,31893.75
329,Lourdes,Alberu Gomez,20,09209|Renovaci�n|Colonia|Iztapalapa|Ciudad de M�xico|Ciudad de M�xico|09201|09|09201|09|007|1352|Urbano|09|,4.0,8.0,11.0,77.0,24200.0
330,Maria de Lourdes,Alberu Gomez,19,01550|Rinconada Las Cuevitas|Colonia|�lvaro Obreg�n|Ciudad de M�xico|Ciudad de M�xico|01401|09|01401|09|010|2849|Urbano|01|,6.0,8.0,11.0,77.0,10755.557
331,Maria Isabel,Barrientos Melendez,23,09820|El Santuario|Colonia|Iztapalapa|Ciudad de M�xico|Ciudad de M�xico|09821|09|09821|09|007|1552|Urbano|09|,9.0,7.0,16.0,112.0,8849.384
332,Maria del Carmen,Calderon Colmenero,25,07810|Estrella|Colonia|Gustavo A. Madero|Ciudad de M�xico|Ciudad de M�xico|07001|09|07001|09|005|1172|Urbano|07|,4.0,6.0,4.0,28.0,2400.0
333,Josefina Maria,Diaz Quiñonez,26,04320|Cuadrante de San Francisco|Colonia|Coyoac�n|Ciudad de M�xico|Ciudad de M�xico|04831|09|04831|09|003|0606|Urbano|04|,3.0,10.0,11.0,77.0,53777.78
334,Roberto,Aguirre Cruz,22,07840|Guadalupe Tepeyac|Colonia|Gustavo A. Madero|Ciudad de M�xico|Ciudad de M�xico|07001|09|07001|09|005|1179|Urbano|07|,9.0,8.0,31.0,217.0,37965.438
335,Cuauhtemoc,Dominguez Carrillo,26,15850|Magdalena Mixiuhca|Colonia|Venustiano Carranza|Ciudad de M�xico|Ciudad de M�xico|15001|09|15001|09|017|2362|Urbano|15|,7.0,5.0,17.0,119.0,11795.919
336,Jose Alvaro,Barrera Saldaña,22,05030|San Pedro|Colonia|Cuajimalpa de Morelos|Ciudad de M�xico|Ciudad de M�xico|05501|09|05501|09|004|0737|Urbano|05|,4.0,7.0,13.0,91.0,29575.0
337,Patricia,Barrera Saldaña,22,08320|Fraccionamiento Coyuya|Colonia|Iztacalco|Ciudad de M�xico|Ciudad de M�xico|08231|09|08231|09|006|1257|Urbano|08|,8.0,6.0,20.0,140.0,15000.0
338,Celia,Barquera Cervera,23,01130|Molino de Santo Domingo|Colonia|�lvaro Obreg�n|Ciudad de M�xico|Ciudad de M�xico|01131|09|01131|09|010|0053|Urbano|01|,7.0,9.0,34.0,238.0,84930.62
339,Jaime Jacobo,Barquera Cervera,27,01280|El Pocito|Colonia|�lvaro Obreg�n|Ciudad de M�xico|Ciudad de M�xico|01401|09|01401|09|010|0139|Urbano|01|,8.0,8.0,7.0,49.0,2450.0
340,Luis Felipe,Escalante Acosta,25,07140|Forestal I|Colonia|Gustavo A. Madero|Ciudad de M�xico|Ciudad de M�xico|07201|09|07201|09|005|1029|Urbano|07|,10.0,8.0,49.0,343.0,76832.0
341,Patricia,Aguirre Cruz,21,11350|Plutarco El�as Calles|Colonia|Miguel Hidalgo|Ciudad de M�xico|Ciudad de M�xico|11411|09|11411|09|016|1786|Urbano|11|,8.0,7.0,11.0,77.0,5293.75
342,Jose Alvaro,Cardona Perez,26,07969|San Juan de Arag�n II Secci�n|Colonia|Gustavo A. Madero|Ciudad de M�xico|Ciudad de M�xico|07981|09|07981|09|005|1216|Urbano|07|,6.0,10.0,1.0,7.0,111.11112
343,Jaime Jacobo,Lemus Bravo,21,07820|Tres Estrellas|Colonia|Gustavo A. Madero|Ciudad de M�xico|Ciudad de M�xico|07001|09|07001|09|005|1175|Urbano|07|,7.0,9.0,23.0,161.0,38865.31
344,Manuel,Del Rio Navarro,22,04340|Copilco El Bajo|Colonia|Coyoac�n|Ciudad de M�xico|Ciudad de M�xico|04831|09|04831|09|003|0622|Urbano|04|,1.0,5.0,4.0,28.0,32000.0
345,Jorge,Kimura Fujikami,20,01130|Molino de Santo Domingo|Colonia|�lvaro Obreg�n|Ciudad de M�xico|Ciudad de M�xico|01131|09|01131|09|010|0053|Urbano|01|,8.0,9.0,6.0,42.0,2025.0004
346,Adrian,Diaz Quiñonez,21,09000|La Asunci�n|Barrio|Iztapalapa|Ciudad de M�xico|Ciudad de M�xico|09081|09|09081|02|007|1299|Urbano|09|,9.0,5.0,5.0,35.0,617.284
347,Lourdes,Calderon Colmenero,25,13510|La Lupita|Colonia|Tl�huac|Ciudad de M�xico|Ciudad de M�xico|13011|09|13011|09|011|1987|Urbano|13|,3.0,8.0,11.0,77.0,43022.227
348,Maria Dolores,Dominguez Carrillo,24,12300|San Salvador Cuauhtenco|Pueblo|Milpa Alta|Ciudad de M�xico|Ciudad de M�xico|12001|09|12001|28|009|1904|Urbano|12|,6.0,8.0,30.0,210.0,80000.0
349,Francisco Javier,Aguilar Navarro,25,10630|El Ocotal|Campamento|La Magdalena Contreras|Ciudad de M�xico||10581|09|10581|04|008|2706|Urbano||,7.0,8.0,7.0,49.0,3200.0
350,Maria Asuncion,Vera Lastra,27,15020|Puebla|Colonia|Venustiano Carranza|Ciudad de M�xico|Ciudad de M�xico|15001|09|15001|09|017|2290|Urbano|15|,6.0,8.0,25.0,175.0,55555.547
351,Jose Alvaro,Barrientos Melendez,26,15380|Escuela de Tiro|Colonia|Venustiano Carranza|Ciudad de M�xico|Ciudad de M�xico|15001|09|15001|09|017|2316|Urbano|15|,8.0,7.0,22.0,154.0,21175.0
352,Rafael,Alpuche Aranda,22,14250|Miguel Hidalgo 4A Secci�n|Colonia|Tlalpan|Ciudad de M�xico|Ciudad de M�xico|14201|09|14201|09|012|2100|Urbano|14|,4.0,7.0,10.0,70.0,17500.0
353,Ana,Feria Bernal,20,01140|Jos� Maria Pino Su�rez|Colonia|�lvaro Obreg�n|Ciudad de M�xico|Ciudad de M�xico|01131|09|01131|09|010|0060|Urbano|01|,7.0,9.0,11.0,77.0,8889.796
354,Maria de Lourdes,Calva Mercado,20,09438|Ampliaci�n El Triunfo|Colonia|Iztapalapa|Ciudad de M�xico|Ciudad de M�xico|09081|09|09081|09|007|1422|Urbano|09|,5.0,5.0,20.0,140.0,32000.0
355,Carlos Alberto,Escalante Acosta,21,04030|San Lucas|Barrio|Coyoac�n|Ciudad de M�xico|Ciudad de M�xico|03501|09|03501|02|003|0569|Urbano|04|,8.0,7.0,39.0,273.0,66543.75
356,Luis Felipe,Fajardo Ortiz,27,11619|Campo Militar 1|Equipamiento|Miguel Hidalgo|Ciudad de M�xico|Ciudad de M�xico|53001|09|53001|17|016|1846|Urbano|11|,1.0,7.0,2.0,14.0,11200.0
357,Laura,Alpuche Aranda,21,01089|Ermita Tizapan|Colonia|�lvaro Obreg�n|Ciudad de M�xico|Ciudad de M�xico|01001|09|01001|09|010|0024|Urbano|01|,7.0,7.0,21.0,147.0,25200.004
358,Alvaro,Carranza Lira,23,13270|Del Mar|Colonia|Tl�huac|Ciudad de M�xico|Ciudad de M�xico|13221|09|13221|09|011|1958|Urbano|13|,4.0,5.0,1.0,7.0,125.0
359,Manuel,Feria Bernal,22,14200|Jardines del Ajusco|Colonia|Tlalpan|Ciudad de M�xico|Ciudad de M�xico|14201|09|14201|09|012|2081|Urbano|14|,2.0,9.0,10.0,70.0,90000.0
360,Francisco Javier,Kimura Fujikami,23,02770|Santa Cruz Acayucan|Pueblo|Azcapotzalco|Ciudad de M�xico|Ciudad de M�xico|02431|09|02431|28|002|0464|Urbano|02|,4.0,7.0,17.0,119.0,50575.0
361,Ana,Almeda Valdes,19,01548|Villa Progresista|Colonia|�lvaro Obreg�n|Ciudad de M�xico|Ciudad de M�xico|01401|09|01401|09|010|2638|Urbano|01|,1.0,6.0,4.0,28.0,38400.0
362,Erick,Guadalajara Boo,22,09230|Jos� Mar�a Morelos y Pav�n|Colonia|Iztapalapa|Ciudad de M�xico|Ciudad de M�xico|09201|09|09201|09|007|1369|Urbano|09|,9.0,5.0,11.0,77.0,2987.6543
363,Maria de Lourdes,Cardona Perez,19,14150|Lomas del Pedregal Framboyanes|Colonia|Tlalpan|Ciudad de M�xico|Ciudad de M�xico|14201|09|14201|09|012|2078|Urbano|14|,10.0,6.0,49.0,343.0,57624.0
364,Rafael,Carranza Lira,23,01540|Balcones de Cehuayo|Colonia|�lvaro Obreg�n|Ciudad de M�xico|Ciudad de M�xico|01401|09|01401|09|010|0238|Urbano|01|,5.0,6.0,10.0,70.0,9600.0
365,Alberto Manuel,Carrillo Ruiz,19,05400|El Tianguillo|Colonia|Cuajimalpa de Morelos|Ciudad de M�xico|Ciudad de M�xico|05501|09|05501|09|004|0800|Urbano|05|,10.0,8.0,18.0,126.0,10368.0
366,Andrea,Del Rio Navarro,25,02950|Del Gas|Colonia|Azcapotzalco|Ciudad de M�xico|Ciudad de M�xico|02601|09|02601|09|002|0483|Urbano|02|,5.0,5.0,13.0,91.0,13520.0
367,Jose Antonio,Gomez Perez,19,01400|Olivar del Conde 1a Secci�n|Colonia|�lvaro Obreg�n|Ciudad de M�xico|Ciudad de M�xico|01401|09|01401|09|010|0181|Urbano|01|,5.0,6.0,17.0,119.0,27744.0
368,Sara,Gonzalez Ortiz,21,03730|San Juan|Colonia|Benito Ju�rez|Ciudad de M�xico|Ciudad de M�xico|03901|09|03901|09|014|0544|Urbano|03|,7.0,6.0,13.0,91.0,8277.551
369,Paloma,Kimura Fujikami,23,04480|Culhuac�n CTM CROC|Colonia|Coyoac�n|Ciudad de M�xico|Ciudad de M�xico|04831|09|04831|09|003|2812|Urbano|04|,10.0,9.0,50.0,350.0,90000.0
370,Rogelio,Chavez Negrete,21,04730|Cantil del Pedregal|Colonia|Coyoac�n|Ciudad de M�xico|Ciudad de M�xico|14391|09|14391|09|003|0686|Urbano|04|,5.0,8.0,8.0,56.0,8192.0
371,Carlos Alberto,Alcocer Varela,22,12080|San Agustin Ohtenco|Pueblo|Milpa Alta|Ciudad de M�xico|Ciudad de M�xico|12001|09|12001|28|009|1890|Urbano|12|,2.0,10.0,9.0,63.0,81000.0
372,Ana,Blanco Favela,19,15450|Dami�n Carmona|Colonia|Venustiano Carranza|Ciudad de M�xico|Ciudad de M�xico|15001|09|15001|09|017|2325|Urbano|15|,9.0,8.0,9.0,63.0,3200.0
373,Ruben,Alcocer Varela,23,07730|Montevideo|Colonia|Gustavo A. Madero|Ciudad de M�xico|Ciudad de M�xico|07051|09|07051|09|005|1156|Urbano|07|,8.0,7.0,27.0,189.0,31893.75
374,Alvaro,Diaz Quiñonez,20,09700|Desarrollo Urbano Quetzalcoatl|Colonia|Iztapalapa|Ciudad de M�xico|Ciudad de M�xico|09291|09|09291|09|007|1488|Urbano|09|,3.0,6.0,4.0,28.0,4266.667
375,Jorge,Carranza Lira,23,16430|Xochipilli|Colonia|Xochimilco|Ciudad de M�xico|Ciudad de M�xico|16001|09|16001|09|013|2470|Urbano|16|,7.0,9.0,19.0,133.0,26522.451
376,Alvaro,Lara Muñoz,20,01400|Olivar del Conde 1a Secci�n|Colonia|�lvaro Obreg�n|Ciudad de M�xico|Ciudad de M�xico|01401|09|01401|09|010|0181|Urbano|01|,9.0,8.0,29.0,203.0,33224.69
377,Pedro,Alexanderson Rosas,23,01296|Ampliaci�n Jalalpa|Colonia|�lvaro Obreg�n|Ciudad de M�xico|Ciudad de M�xico|01401|09|01401|09|010|0153|Urbano|01|,3.0,5.0,6.0,42.0,8000.0
378,Andrea,Almeda Valdes,19,07500|La Pradera|Colonia|Gustavo A. Madero|Ciudad de M�xico|Ciudad de M�xico|07501|09|07501|09|005|1122|Urbano|07|,6.0,5.0,24.0,168.0,32000.0
379,Maria Lucinda,Cardona Perez,22,12600|San Jer�nimo Miacatl�n|Pueblo|Milpa Alta|Ciudad de M�xico|Ciudad de M�xico|12001|09|12001|28|009|1911|Urbano|12|,7.0,6.0,23.0,161.0,25910.203
380,Angel Antonio,Fuente Del Campo,24,09520|San Sebasti�n Tecoloxtitla|Pueblo|Iztapalapa|Ciudad de M�xico|Ciudad de M�xico|09511|09|09511|28|007|1440|Urbano|09|,1.0,5.0,3.0,21.0,18000.004
381,Josefina Maria,Aguilar Navarro,21,07755|Lindavista Vallejo II Secci�n|Colonia|Gustavo A. Madero|Ciudad de M�xico|Ciudad de M�xico|07001|09|07001|09|005|2889|Urbano|07|,1.0,10.0,0.0,0.0,0.0
382,Jorge,Chavez Negrete,21,09260|Constituci�n de 1917|Colonia|Iztapalapa|Ciudad de M�xico|Ciudad de M�xico|09201|09|09201|09|007|1375|Urbano|09|,1.0,5.0,0.0,0.0,0.0
383,Jose Antonio,Calderon Colmenero,19,01640|Her�n Proal|Colonia|�lvaro Obreg�n|Ciudad de M�xico|Ciudad de M�xico|01401|09|01401|09|010|0275|Urbano|01|,7.0,10.0,12.0,84.0,11755.1045
384,Maria del Carmen,Kimura Fujikami,18,14370|San Lorenzo Huipulco|Pueblo|Tlalpan|Ciudad de M�xico|Ciudad de M�xico|14391|09|14391|28|012|2157|Urbano|14|,4.0,8.0,10.0,70.0,20000.0
385,Cristina,Alexanderson Rosas,27,07760|Magdalena de las Salinas|Colonia|Gustavo A. Madero|Ciudad de M�xico|Ciudad de M�xico|07001|09|07001|09|005|1162|Urbano|07|,6.0,7.0,5.0,35.0,1944.4447
386,Angel Antonio,Elizondo Riojas,20,07370|Capultitlan|Colonia|Gustavo A. Madero|Ciudad de M�xico|Ciudad de M�xico|07001|09|07001|09|005|1098|Urbano|07|,1.0,10.0,3.0,21.0,36000.008
387,Carlos Alberto,Alcantar Curiel,20,04250|Paseos de Taxque�a|Colonia|Coyoac�n|Ciudad de M�xico|Ciudad de M�xico|04831|09|04831|09|003|0587|Urbano|04|,5.0,6.0,5.0,35.0,2400.0
388,Carlos Alberto,Aguilar Navarro,26,01000|San �ngel|Colonia|�lvaro Obreg�n|Ciudad de M�xico|Ciudad de M�xico|01001|09|01001|09|010|0001|Urbano|01|,8.0,9.0,10.0,70.0,5625.0
389,Carlos Alberto,Madrazo Navarro,18,11850|San Miguel Chapultepec I Secci�n|Colonia|Miguel Hidalgo|Ciudad de M�xico|Ciudad de M�xico|11801|09|11801|09|016|1864|Urbano|11|,1.0,9.0,0.0,0.0,0.0
390,Jose Dante,Jung Cook,21,09230|El Para�so|Colonia|Iztapalapa|Ciudad de M�xico|Ciudad de M�xico|09201|09|09201|09|007|1368|Urbano|09|,7.0,8.0,24.0,168.0,37616.332
391,Rafael,Cardona Perez,19,07164|Tlaca�lel|Colonia|Gustavo A. Madero|Ciudad de M�xico|Ciudad de M�xico|07201|09|07201|09|005|2549|Urbano|07|,5.0,10.0,15.0,105.0,36000.008
392,Hector Gerardo,Aguilar Navarro,25,04000|Villa Coyoac�n|Colonia|Coyoac�n|Ciudad de M�xico|Ciudad de M�xico|03501|09|03501|09|003|0563|Urbano|04|,7.0,10.0,25.0,175.0,51020.414
393,Adrian,Jung Cook,19,14749|Chimilli|Colonia|Tlalpan|Ciudad de M�xico|Ciudad de M�xico|14201|09|14201|09|012|2275|Urbano|14|,9.0,9.0,21.0,147.0,19600.0
394,Erick,Barrangan Garcia,21,15010|Valent�n G�mez Farias|Colonia|Venustiano Carranza|Ciudad de M�xico|Ciudad de M�xico|15001|09|15001|09|017|2289|Urbano|15|,3.0,8.0,7.0,49.0,17422.223
395,Mario Arturo,Carranza Lira,20,07790|Vallejo Poniente|Colonia|Gustavo A. Madero|Ciudad de M�xico|Ciudad de M�xico|07001|09|07001|09|005|1169|Urbano|07|,10.0,9.0,48.0,336.0,82944.0
396,Oscar Gerardo,Hernandez Avila,19,01139|Reacomodo Pino Su�rez|Colonia|�lvaro Obreg�n|Ciudad de M�xico|Ciudad de M�xico|01131|09|01131|09|010|0058|Urbano|01|,9.0,9.0,17.0,119.0,12844.444
397,Celia,Iglesias Morales,26,14100|Pedregal de San Nicol�s 5� Secci�n|Colonia|Tlalpan|Ciudad de M�xico|Ciudad de M�xico|14201|09|14201|09|012|2064|Urbano|14|,6.0,8.0,16.0,112.0,22755.559
398,Arturo,Lemus Bravo,23,08230|San Francisco Xicaltongo|Barrio|Iztacalco|Ciudad de M�xico|Ciudad de M�xico|08231|09|08231|02|006|1253|Urbano|08|,6.0,5.0,26.0,182.0,37555.55
399,Paloma,Salinas Aguilar,27,07420|El Coyol|Colonia|Gustavo A. Madero|Ciudad de M�xico|Ciudad de M�xico|07001|09|07001|09|005|1105|Urbano|07|,9.0,6.0,35.0,245.0,36296.297
400,Ana,Lemus Bravo,24,06040|Centro (�rea 4)|Colonia|Cuauht�moc|Ciudad de M�xico|Ciudad de M�xico|06002|09|06002|09|015|0860|Urbano|06|,10.0,5.0,15.0,105.0,4500.001
401,Rogelio,De La Fuente Ramirez,18,13219|Las Arboledas|Colonia|Tl�huac|Ciudad de M�xico|Ciudad de M�xico|13221|09|13221|09|011|1950|Urbano|13|,4.0,9.0,19.0,133.0,81225.0
402,Paloma,Hinojosa Becerril,25,06780|Buenos Aires|Colonia|Cuauht�moc|Ciudad de M�xico|Ciudad de M�xico|06401|09|06401|09|015|0970|Urbano|06|,10.0,5.0,37.0,259.0,27380.0
403,Jose Hugo,Lemus Bravo,26,11040|Molino del Rey|Colonia|Miguel Hidalgo|Ciudad de M�xico|Ciudad de M�xico|11801|09|11801|09|016|1752|Urbano|11|,3.0,6.0,1.0,7.0,266.6667
404,Paloma,Alcaraz Verduzco,22,13420|Selene|Colonia|Tl�huac|Ciudad de M�xico|Ciudad de M�xico|13011|09|13011|09|011|1976|Urbano|13|,9.0,7.0,41.0,287.0,58108.65
405,Alvaro,Alcaraz Verduzco,20,10369|Ampliaci�n Lomas de San Bernab�|Colonia|La Magdalena Contreras|Ciudad de M�xico|Ciudad de M�xico|10021|09|10021|09|008|1696|Urbano|10|,9.0,9.0,21.0,147.0,19600.0
406,Cuauhtemoc,Hernandez Avila,21,02410|Prados del Rosario|Colonia|Azcapotzalco|Ciudad de M�xico|Ciudad de M�xico|02431|09|02431|09|002|0412|Urbano|02|,7.0,6.0,8.0,56.0,3134.6938
407,Jaime Jacobo,Hernandez Avila,24,07520|25 de Julio|Colonia|Gustavo A. Madero|Ciudad de M�xico|Ciudad de M�xico|07501|09|07501|09|005|1128|Urbano|07|,3.0,9.0,0.0,0.0,0.0
408,Rogelio,Calderon Colmenero,21,05348|Santa Fe Cuajimalpa|Colonia|Cuajimalpa de Morelos|Ciudad de M�xico|Ciudad de M�xico|05501|09|05501|09|004|0792|Urbano|05|,3.0,5.0,12.0,84.0,32000.0
409,Ana,Alcantar Curiel,18,01700|Tetelpan|Pueblo|�lvaro Obreg�n|Ciudad de M�xico|Ciudad de M�xico|01001|09|01001|28|010|0287|Urbano|01|,1.0,6.0,2.0,14.0,9600.0
410,Jose Antonio,Barrientos Melendez,22,01500|Miguel Gaona Armenta|Colonia|�lvaro Obreg�n|Ciudad de M�xico|Ciudad de M�xico|01401|09|01401|09|010|2704|Urbano|01|,3.0,8.0,14.0,98.0,69688.89
411,Jose Hugo,Castillo Martinez,26,01130|Molino de Santo Domingo|Colonia|�lvaro Obreg�n|Ciudad de M�xico|Ciudad de M�xico|01131|09|01131|09|010|0053|Urbano|01|,7.0,8.0,14.0,98.0,12800.0
412,Jose Hugo,Chavez Negrete,20,04330|Del Ni�o Jes�s|Barrio|Coyoac�n|Ciudad de M�xico|Ciudad de M�xico|04331|09|04331|02|003|0614|Urbano|04|,9.0,8.0,15.0,105.0,8888.891
413,Carlos Alfonso,Carrillo Ruiz,27,03023|Narvarte Oriente|Colonia|Benito Ju�rez|Ciudad de M�xico|Ciudad de M�xico|03001|09|03001|09|014|2623|Urbano|03|,3.0,7.0,6.0,42.0,11200.0
414,Cristina,Madrazo Navarro,20,16615|La Asunci�n|Barrio|Xochimilco|Ciudad de M�xico|Ciudad de M�xico|16001|09|16001|02|013|2911|Urbano|16|,9.0,8.0,23.0,161.0,20898.768
415,Josefina Maria,Lara Muñoz,22,14646|Valle de Tepepan|Colonia|Tlalpan|Ciudad de M�xico|Ciudad de M�xico|14091|09|14091|09|012|2245|Urbano|14|,1.0,9.0,0.0,0.0,0.0
416,Jose Dante,Barquera Cervera,20,01389|Santa Fe Tlayapaca|Colonia|�lvaro Obreg�n|Ciudad de M�xico|Ciudad de M�xico|01401|09|01401|09|010|0176|Urbano|01|,8.0,8.0,8.0,56.0,3200.0
417,Lourdes,Alcocer Varela,26,11480|Popo|Colonia|Miguel Hidalgo|Ciudad de M�xico|Ciudad de M�xico|11411|09|11411|09|016|1812|Urbano|11|,8.0,10.0,29.0,203.0,52562.5
418,Carlos Alberto,Barrera Saldaña,19,07170|Palmatitla|Colonia|Gustavo A. Madero|Ciudad de M�xico|Ciudad de M�xico|07201|09|07201|09|005|1035|Urbano|07|,4.0,7.0,17.0,119.0,50575.0
419,Maria Isabel,Blanco Favela,21,11320|An�huac II Secci�n|Colonia|Miguel Hidalgo|Ciudad de M�xico|Ciudad de M�xico|11411|09|11411|09|016|2771|Urbano|11|,7.0,5.0,30.0,210.0,36734.695
420,Carlos Alfonso,Barrera Saldaña,21,03900|San Jos� Insurgentes|Colonia|Benito Ju�rez|Ciudad de M�xico|Ciudad de M�xico|03901|09|03901|09|014|0556|Urbano|03|,6.0,7.0,18.0,126.0,25200.004
421,Manuel,Hernandez Avila,26,11530|Polanco II Secci�n|Colonia|Miguel Hidalgo|Ciudad de M�xico|Ciudad de M�xico|11591|09|11591|09|016|2782|Urbano|11|,10.0,6.0,27.0,189.0,17496.002
422,Alvaro,Castillo Martinez,22,14657|Tlalmille|Colonia|Tlalpan|Ciudad de M�xico|Ciudad de M�xico|14091|09|14091|09|012|2258|Urbano|14|,8.0,8.0,33.0,231.0,54450.0
423,Rafael,Alonson Vanegas,21,02360|Las Salinas|Colonia|Azcapotzalco|Ciudad de M�xico|Ciudad de M�xico|02601|09|02601|09|002|0409|Urbano|02|,8.0,5.0,39.0,273.0,47531.25
424,Angel Antonio,Gonzalez Ortiz,21,12200|Panchimalco|Barrio|Milpa Alta|Ciudad de M�xico|Ciudad de M�xico|12001|09|12001|02|009|1899|Urbano|12|,5.0,9.0,6.0,42.0,5184.0
425,Sara,Barrera Saldaña,26,15000|General Ignacio Zaragoza|Colonia|Venustiano Carranza|Ciudad de M�xico|Ciudad de M�xico|15001|09|15001|09|017|2287|Urbano|15|,6.0,8.0,6.0,42.0,3200.0
426,Arturo,Almeda Valdes,21,01270|Golondrinas|Colonia|�lvaro Obreg�n|Ciudad de M�xico|Ciudad de M�xico|01401|09|01401|09|010|0123|Urbano|01|,3.0,7.0,1.0,7.0,311.11115
427,Cuauhtemoc,Hinojosa Becerril,22,16090|San Pedro|Barrio|Xochimilco|Ciudad de M�xico|Ciudad de M�xico|16001|09|16001|02|013|2432|Urbano|16|,9.0,9.0,17.0,119.0,12844.444
428,Pablo,Madrazo Navarro,19,16513|Apatlaco|Barrio|Xochimilco|Ciudad de M�xico|Ciudad de M�xico|16001|09|16001|02|013|2900|Urbano|16|,2.0,7.0,2.0,14.0,2800.0
429,Jaime Jacobo,Aguirre Cruz,25,01230|El Piru 2a Ampliaci�n|Colonia|�lvaro Obreg�n|Ciudad de M�xico|Ciudad de M�xico|01401|09|01401|09|010|0224|Urbano|01|,6.0,10.0,4.0,28.0,1777.778
430,Erick,Carrillo Ruiz,21,01548|Villa Progresista|Colonia|�lvaro Obreg�n|Ciudad de M�xico|Ciudad de M�xico|01401|09|01401|09|010|2638|Urbano|01|,4.0,6.0,14.0,98.0,29400.0
431,Sara,Cardona Perez,20,01520|El Politoco|Colonia|�lvaro Obreg�n|Ciudad de M�xico|Ciudad de M�xico|01401|09|01401|09|010|2841|Urbano|01|,5.0,6.0,17.0,119.0,27744.0
432,Mario Arturo,Alberu Gomez,24,06900|Nonoalco Tlatelolco|Colonia|Cuauht�moc|Ciudad de M�xico|Ciudad de M�xico|06401|09|06401|09|015|0988|Urbano|06|,1.0,9.0,4.0,28.0,57600.0
433,Laura,Kimura Fujikami,19,02650|Trabajadores de Hierro|Colonia|Azcapotzalco|Ciudad de M�xico|Ciudad de M�xico|02601|09|02601|09|002|0445|Urbano|02|,9.0,8.0,20.0,140.0,15802.471
434,Adrian,Feria Bernal,27,01770|La Angostura|Colonia|�lvaro Obreg�n|Ciudad de M�xico|Ciudad de M�xico|01001|09|01001|09|010|0315|Urbano|01|,3.0,6.0,0.0,0.0,0.0
435,Ana,Elizondo Riojas,21,07340|San Jos� Ticom�n|Colonia|Gustavo A. Madero|Ciudad de M�xico|Ciudad de M�xico|07311|09|07311|09|005|1088|Urbano|07|,7.0,8.0,24.0,168.0,37616.332
436,Laura,Del Rio Navarro,19,15630|Caracol|Colonia|Venustiano Carranza|Ciudad de M�xico|Ciudad de M�xico|15001|09|15001|09|017|2340|Urbano|15|,10.0,7.0,7.0,49.0,1372.0
437,Maria Lucinda,Carrillo Ruiz,20,15500|Moctezuma 1a Secci�n|Colonia|Venustiano Carranza|Ciudad de M�xico|Ciudad de M�xico|15001|09|15001|09|017|2328|Urbano|15|,5.0,9.0,11.0,77.0,17424.0
438,Heriberto,Hernandez Avila,26,06140|Condesa|Colonia|Cuauht�moc|Ciudad de M�xico|Ciudad de M�xico|06401|09|06401|09|015|0884|Urbano|06|,8.0,9.0,15.0,105.0,12656.25
439,Jose Antonio,Gomez Perez,20,10820|La Guadalupe|Colonia|La Magdalena Contreras|Ciudad de M�xico|Ciudad de M�xico|10901|09|10901|09|008|1731|Urbano|10|,8.0,10.0,11.0,77.0,7562.5
440,Alvaro,Alberu Gomez,26,01630|Lomas de Puerta Grande|Colonia|�lvaro Obreg�n|Ciudad de M�xico|Ciudad de M�xico|01401|09|01401|09|010|0271|Urbano|01|,7.0,6.0,24.0,168.0,28212.248
441,Mario Arturo,Espinola Zavaleta,20,07919|Ex Ejido San Juan de Arag�n Sector 32|Colonia|Gustavo A. Madero|Ciudad de M�xico|Ciudad de M�xico|07981|09|07981|09|005|1201|Urbano|07|,5.0,5.0,23.0,161.0,42320.0
442,Jose Antonio,Alcocer Varela,27,04919|Emiliano Zapata Fraccionamiento Popular|Colonia|Coyoac�n|Ciudad de M�xico|Ciudad de M�xico|04831|09|04831|09|003|0718|Urbano|04|,8.0,7.0,11.0,77.0,5293.75
443,Lourdes,Iglesias Morales,21,16035|San Lorenzo La Cebada|Colonia|Xochimilco|Ciudad de M�xico|Ciudad de M�xico|16001|09|16001|09|013|2407|Urbano|16|,6.0,10.0,14.0,98.0,21777.78
444,Maria de Lourdes,Alcaraz Verduzco,26,11200|Lomas de Sotelo|Colonia|Miguel Hidalgo|Ciudad de M�xico|Ciudad de M�xico|11411|09|11411|09|016|1758|Urbano|11|,7.0,8.0,7.0,49.0,3200.0
445,Manuel,Blanco Favela,27,04260|San Francisco Culhuac�n Barrio de San Juan|Barrio|Coyoac�n|Ciudad de M�xico|Ciudad de M�xico|04831|09|04831|02|003|2831|Urbano|04|,1.0,5.0,4.0,28.0,32000.0
446,Rafael,Alpuche Aranda,20,07010|Santa Isabel Tola|Colonia|Gustavo A. Madero|Ciudad de M�xico|Ciudad de M�xico|07001|09|07001|09|005|0995|Urbano|07|,3.0,9.0,3.0,21.0,3600.0
447,Carlos Alfonso,Dominguez Carrillo,18,16030|Potrero de San Bernardino|Colonia|Xochimilco|Ciudad de M�xico|Ciudad de M�xico|16001|09|16001|09|013|2403|Urbano|16|,1.0,6.0,0.0,0.0,0.0
448,Alvaro,Cardona Perez,22,01650|El Ruedo|Colonia|�lvaro Obreg�n|Ciudad de M�xico|Ciudad de M�xico|01401|09|01401|09|010|2844|Urbano|01|,6.0,10.0,4.0,28.0,1777.778
449,Alvaro,Gonzalez Ortiz,21,05600|San Mateo Tlaltenango|Pueblo|Cuajimalpa de Morelos|Ciudad de M�xico|Ciudad de M�xico|05501|09|05501|28|004|0810|Urbano|05|,1.0,7.0,0.0,0.0,0.0
450,Susana,Alpuche Aranda,24,01230|Los Gamitos|Colonia|�lvaro Obreg�n|Ciudad de M�xico|Ciudad de M�xico|01401|09|01401|09|010|0097|Urbano|01|,4.0,10.0,7.0,49.0,12250.0
451,Cristina,Alexanderson Rosas,19,09730|Reforma Pol�tica|Colonia|Iztapalapa|Ciudad de M�xico|Ciudad de M�xico|09291|09|09291|09|007|1508|Urbano|09|,9.0,6.0,10.0,70.0,2962.9634
452,Cuauhtemoc,Castillo Martinez,20,01550|Rinconada Las Cuevitas|Colonia|�lvaro Obreg�n|Ciudad de M�xico|Ciudad de M�xico|01401|09|01401|09|010|2849|Urbano|01|,9.0,7.0,15.0,105.0,7777.779
453,Hector Gerardo,Hinojosa Becerril,19,07140|Ampliaci�n Arboledas|Colonia|Gustavo A. Madero|Ciudad de M�xico|Ciudad de M�xico|07201|09|07201|09|005|1027|Urbano|07|,7.0,6.0,3.0,21.0,440.81638
454,Jorge,Carranza Lira,24,14380|San Bartolo El Chico|Colonia|Tlalpan|Ciudad de M�xico|Ciudad de M�xico|14391|09|14391|09|012|2167|Urbano|14|,9.0,9.0,10.0,70.0,4444.445
455,Jose,Alcocer Varela,25,16030|Potrero de San Bernardino|Colonia|Xochimilco|Ciudad de M�xico|Ciudad de M�xico|16001|09|16001|09|013|2403|Urbano|16|,5.0,6.0,8.0,56.0,6144.0
456,Arturo,Alexanderson Rosas,26,08720|Gabriel Ramos Mill�n Secci�n Tlacotal|Colonia|Iztacalco|Ciudad de M�xico|Ciudad de M�xico|08231|09|08231|09|006|1280|Urbano|08|,8.0,7.0,25.0,175.0,27343.75
457,Heriberto,Calderon Colmenero,19,04300|Ajusco|Colonia|Coyoac�n|Ciudad de M�xico|Ciudad de M�xico|04831|09|04831|09|003|0596|Urbano|04|,5.0,6.0,24.0,168.0,55296.0
458,Rafael,Alcaraz Verduzco,27,16780|Cristo Rey|Colonia|Xochimilco|Ciudad de M�xico|Ciudad de M�xico|16001|09|16001|09|013|2604|Urbano|16|,4.0,8.0,16.0,112.0,51200.0
459,Celia,Almeda Valdes,21,14000|Tlalpan Centro|Colonia|Tlalpan|Ciudad de M�xico|Ciudad de M�xico|14091|09|14091|09|012|2027|Urbano|14|,8.0,8.0,14.0,98.0,9800.0
460,Maria de Lourdes,Fuente Del Campo,21,11370|Tlaxpana|Colonia|Miguel Hidalgo|Ciudad de M�xico|Ciudad de M�xico|11411|09|11411|09|016|1789|Urbano|11|,9.0,6.0,38.0,266.0,42785.184
461,Patricia,Elizondo Riojas,21,13219|Ampliaci�n Los Olivos|Colonia|Tl�huac|Ciudad de M�xico|Ciudad de M�xico|13221|09|13221|09|011|1951|Urbano|13|,5.0,8.0,19.0,133.0,46208.0
462,Adrian,Hernandez Avila,25,07918|San Juan de Arag�n VI Secci�n|Colonia|Gustavo A. Madero|Ciudad de M�xico|Ciudad de M�xico|07981|09|07981|09|005|1200|Urbano|07|,7.0,7.0,3.0,21.0,514.28577
463,Jose Hugo,Cardona Perez,21,03010|Atenor Salas|Colonia|Benito Ju�rez|Ciudad de M�xico|Ciudad de M�xico|03001|09|03001|09|014|0491|Urbano|03|,5.0,7.0,11.0,77.0,13552.0
464,Rogelio,Hernandez Avila,25,11460|Lago Sur|Colonia|Miguel Hidalgo|Ciudad de M�xico|Ciudad de M�xico|11411|09|11411|09|016|1806|Urbano|11|,5.0,6.0,15.0,105.0,21600.004
465,Susana,Guadalajara Boo,19,09689|Barranca de Guadalupe|Colonia|Iztapalapa|Ciudad de M�xico|Ciudad de M�xico|09511|09|09511|09|007|1477|Urbano|09|,2.0,9.0,3.0,21.0,8100.0015
466,Angel Antonio,Herrera Abarca,18,04700|Pedregal de Carrasco|Colonia|Coyoac�n|Ciudad de M�xico|Ciudad de M�xico|14391|09|14391|09|003|0678|Urbano|04|,1.0,9.0,3.0,21.0,32400.006
467,Angel Antonio,Barrangan Garcia,26,07140|Forestal I|Colonia|Gustavo A. Madero|Ciudad de M�xico|Ciudad de M�xico|07201|09|07201|09|005|1029|Urbano|07|,4.0,7.0,16.0,112.0,44800.0
468,Susana,Castillo Martinez,27,01150|Tolteca|Colonia|�lvaro Obreg�n|Ciudad de M�xico|Ciudad de M�xico|01131|09|01131|09|010|0064|Urbano|01|,10.0,7.0,3.0,21.0,252.0
469,Jaime Jacobo,Madrazo Navarro,22,07020|Tepeyac Insurgentes|Colonia|Gustavo A. Madero|Ciudad de M�xico|Ciudad de M�xico|07001|09|07001|09|005|0997|Urbano|07|,2.0,9.0,10.0,70.0,90000.0
470,Jose Dante,Carranza Lira,27,12930|San Miguel|Barrio|Milpa Alta|Ciudad de M�xico|Ciudad de M�xico|12001|09|12001|02|009|2873|Urbano|12|,10.0,7.0,10.0,70.0,2800.0
471,Jose Hugo,Fajardo Ortiz,19,02950|Del Gas|Colonia|Azcapotzalco|Ciudad de M�xico|Ciudad de M�xico|02601|09|02601|09|002|0483|Urbano|02|,4.0,8.0,10.0,70.0,20000.0
472,Manuel,Madrazo Navarro,24,11470|Deportivo Pensil|Colonia|Miguel Hidalgo|Ciudad de M�xico|Ciudad de M�xico|11411|09|11411|09|016|1809|Urbano|11|,1.0,9.0,0.0,0.0,0.0
473,Rafael,Jung Cook,19,04470|Presidentes Ejidales 1a Secci�n|Colonia|Coyoac�n|Ciudad de M�xico|Ciudad de M�xico|04831|09|04831|09|003|0655|Urbano|04|,2.0,5.0,1.0,7.0,500.0
474,Arturo,Jimenez Ponce,20,09700|Carlos Hank Gonzalez|Colonia|Iztapalapa|Ciudad de M�xico|Ciudad de M�xico|09291|09|09291|09|007|1486|Urbano|09|,3.0,10.0,11.0,77.0,53777.78
475,Pablo,Calderon Colmenero,23,06350|Buenavista|Colonia|Cuauht�moc|Ciudad de M�xico|Ciudad de M�xico|06401|09|06401|09|015|0906|Urbano|06|,8.0,5.0,23.0,161.0,16531.25
476,Pablo,De La Fuente Ramirez,24,11260|M�xico Nuevo|Colonia|Miguel Hidalgo|Ciudad de M�xico|Ciudad de M�xico|11411|09|11411|09|016|1770|Urbano|11|,4.0,5.0,10.0,70.0,12500.0
477,Juan Socorro,Chavez Negrete,24,06470|San Rafael|Colonia|Cuauht�moc|Ciudad de M�xico|Ciudad de M�xico|06401|09|06401|09|015|0915|Urbano|06|,10.0,8.0,18.0,126.0,10368.0
478,Maria Asuncion,Lemus Bravo,21,11000|Lomas de Chapultepec VI Secci�n|Colonia|Miguel Hidalgo|Ciudad de M�xico|Ciudad de M�xico|11801|09|11801|09|016|2779|Urbano|11|,3.0,8.0,9.0,63.0,28800.004
479,Oscar Gerardo,Chavez Negrete,19,07279|Acueducto de Guadalupe|Colonia|Gustavo A. Madero|Ciudad de M�xico|Ciudad de M�xico|07201|09|07201|09|005|1069|Urbano|07|,8.0,8.0,0.0,0.0,0.0
480,Juan Socorro,Alcantar Curiel,21,02410|Prados del Rosario|Colonia|Azcapotzalco|Ciudad de M�xico|Ciudad de M�xico|02431|09|02431|09|002|0412|Urbano|02|,10.0,7.0,32.0,224.0,28672.0
481,Cristina,Alcantar Curiel,27,13520|Francisco Villa|Colonia|Tl�huac|Ciudad de M�xico|Ciudad de M�xico|13011|09|13011|09|011|1988|Urbano|13|,4.0,5.0,19.0,133.0,45125.0
482,Pedro,Carranza Lira,19,11330|Un Hogar Para Nosotros|Colonia|Miguel Hidalgo|Ciudad de M�xico|Ciudad de M�xico|11411|09|11411|09|016|1784|Urbano|11|,7.0,6.0,27.0,189.0,35706.125
483,Jose,Alpuche Aranda,22,13510|La Lupita|Colonia|Tl�huac|Ciudad de M�xico|Ciudad de M�xico|13011|09|13011|09|011|1987|Urbano|13|,3.0,7.0,6.0,42.0,11200.0
484,Rafael,Jimenez Ponce,25,09200|Unidad Vicente Guerrero|Colonia|Iztapalapa|Ciudad de M�xico|Ciudad de M�xico|09201|09|09201|09|007|1341|Urbano|09|,2.0,5.0,8.0,56.0,32000.0
485,Laura,Hernandez Avila,26,09730|Reforma Pol�tica|Colonia|Iztapalapa|Ciudad de M�xico|Ciudad de M�xico|09291|09|09291|09|007|1508|Urbano|09|,9.0,9.0,9.0,63.0,3600.0
486,Cuauhtemoc,Aguirre Cruz,27,14608|Colinas del Bosque|Colonia|Tlalpan|Ciudad de M�xico|Ciudad de M�xico|14091|09|14091|09|012|2231|Urbano|14|,2.0,5.0,3.0,21.0,4500.001
487,Pedro,Iglesias Morales,24,03820|8 de Agosto|Colonia|Benito Ju�rez|Ciudad de M�xico|Ciudad de M�xico|03901|09|03901|09|014|0552|Urbano|03|,10.0,10.0,0.0,0.0,0.0
488,Maria de Lourdes,Guadalajara Boo,18,01760|Flor de Mar�a|Colonia|�lvaro Obreg�n|Ciudad de M�xico|Ciudad de M�xico|01001|09|01001|09|010|0310|Urbano|01|,2.0,5.0,1.0,7.0,500.0
489,Celia,Barrangan Garcia,23,01860|Lomas de La Era|Colonia|�lvaro Obreg�n|Ciudad de M�xico|Ciudad de M�xico|01001|09|01001|09|010|0344|Urbano|01|,5.0,7.0,5.0,35.0,2800.0
490,Angel Antonio,Diaz Quiñonez,23,14240|Lomas Hidalgo|Colonia|Tlalpan|Ciudad de M�xico|Ciudad de M�xico|14201|09|14201|09|012|2095|Urbano|14|,7.0,6.0,11.0,77.0,5926.531
491,Arturo,Chavez Negrete,20,09689|Barranca de Guadalupe|Colonia|Iztapalapa|Ciudad de M�xico|Ciudad de M�xico|09511|09|09511|09|007|1477|Urbano|09|,4.0,7.0,8.0,56.0,11200.0
492,Maria Dolores,Espinola Zavaleta,19,04909|Culhuac�n CTM Secci�n IX-A|Colonia|Coyoac�n|Ciudad de M�xico|Ciudad de M�xico|04831|09|04831|09|003|0715|Urbano|04|,8.0,7.0,14.0,98.0,8575.0
493,Jorge,Lemus Bravo,20,14060|Pe�a Pobre|Colonia|Tlalpan|Ciudad de M�xico|Ciudad de M�xico|14091|09|14091|09|012|2046|Urbano|14|,1.0,8.0,4.0,28.0,51200.0
494,Pedro,Elizondo Riojas,24,13080|Los Reyes|Barrio|Tl�huac|Ciudad de M�xico|Ciudad de M�xico|13011|09|13011|02|011|1933|Urbano|13|,2.0,7.0,8.0,56.0,44800.0
495,Heriberto,Flores Rivera,27,14239|Los Encinos|Colonia|Tlalpan|Ciudad de M�xico|Ciudad de M�xico|14201|09|14201|09|012|2093|Urbano|14|,8.0,10.0,27.0,189.0,45562.5
496,Rogelio,Vera Lastra,19,02150|Pasteros|Colonia|Azcapotzalco|Ciudad de M�xico|Ciudad de M�xico|02011|09|02011|09|002|0393|Urbano|02|,7.0,8.0,21.0,147.0,28800.004
497,Francisco Javier,Herrera Abarca,21,14647|Rinconada El Mirador|Colonia|Tlalpan|Ciudad de M�xico|Ciudad de M�xico|14091|09|14091|09|012|2880|Urbano|14|,8.0,9.0,19.0,133.0,20306.25
498,Josefina Maria,Jimenez Ponce,22,03310|Santa Cruz Atoyac|Colonia|Benito Ju�rez|Ciudad de M�xico|Ciudad de M�xico|03501|09|03501|09|014|0509|Urbano|03|,2.0,6.0,7.0,49.0,29400.0
499,Jose,Eslava Campos,18,09450|Banjidal|Colonia|Iztapalapa|Ciudad de M�xico|Ciudad de M�xico|09081|09|09081|09|007|1429|Urbano|09|,2.0,5.0,8.0,56.0,32000.0
500,Josefina Maria,Carranza Lira,25,04980|Ex-Ejido de Santa �rsula Coapa|Colonia|Coyoac�n|Ciudad de M�xico|Ciudad de M�xico|04831|09|04831|09|003|0674|Urbano|04|,1.0,6.0,0.0,0.0,0.0
